-- phpMyAdmin SQL Dump
-- version 5.2.1
-- https://www.phpmyadmin.net/
--
-- Host: 127.0.0.1
-- Generation Time: Aug 22, 2024 at 07:25 AM
-- Server version: 10.4.28-MariaDB
-- PHP Version: 8.2.4

SET SQL_MODE = "NO_AUTO_VALUE_ON_ZERO";
START TRANSACTION;
SET time_zone = "+00:00";


/*!40101 SET @OLD_CHARACTER_SET_CLIENT=@@CHARACTER_SET_CLIENT */;
/*!40101 SET @OLD_CHARACTER_SET_RESULTS=@@CHARACTER_SET_RESULTS */;
/*!40101 SET @OLD_COLLATION_CONNECTION=@@COLLATION_CONNECTION */;
/*!40101 SET NAMES utf8mb4 */;

--
-- Database: `epark`
--

-- --------------------------------------------------------

--
-- Table structure for table `account`
--

CREATE TABLE `account` (
  `aid` int(11) NOT NULL,
  `userid` int(11) NOT NULL,
  `acc` varchar(15) NOT NULL,
  `bank` varchar(50) NOT NULL,
  `brunch` varchar(25) NOT NULL,
  `ifsc` varchar(12) NOT NULL
) ENGINE=InnoDB DEFAULT CHARSET=utf8mb4 COLLATE=utf8mb4_general_ci;

--
-- Dumping data for table `account`
--

INSERT INTO `account` (`aid`, `userid`, `acc`, `bank`, `brunch`, `ifsc`) VALUES
(4, 18, '22891478459814', 'Uco Bank', 'Bishnupur', 'UCO0004785'),
(5, 20, '22891478459817', 'Uco Bank', 'Bishnupur', 'UCO0007785'),
(6, 24, '22891478459814', 'Uco Bank', 'Bishnupur', 'UCO0007785');

-- --------------------------------------------------------

--
-- Table structure for table `booking`
--

CREATE TABLE `booking` (
  `bid` int(11) NOT NULL,
  `userid` int(11) NOT NULL,
  `pid` int(11) NOT NULL,
  `carid` int(11) NOT NULL,
  `spotno` varchar(5) NOT NULL,
  `ticket` varchar(10) NOT NULL,
  `dstart` date NOT NULL,
  `dend` date NOT NULL,
  `tstart` time NOT NULL,
  `tend` time NOT NULL
) ENGINE=InnoDB DEFAULT CHARSET=utf8mb4 COLLATE=utf8mb4_general_ci;

--
-- Dumping data for table `booking`
--

INSERT INTO `booking` (`bid`, `userid`, `pid`, `carid`, `spotno`, `ticket`, `dstart`, `dend`, `tstart`, `tend`) VALUES
(37, 21, 10, 13, '7', '792289', '2023-08-04', '2023-08-04', '17:00:00', '18:00:00'),
(38, 21, 11, 13, '4', '239925', '2023-08-03', '2023-08-03', '19:00:00', '20:00:00'),
(40, 21, 14, 13, '14', '949690', '2023-08-03', '2023-08-03', '20:02:00', '22:02:00'),
(41, 17, 14, 11, '7', '249437', '2023-08-03', '2023-08-03', '20:04:00', '21:05:00'),
(43, 17, 12, 11, '6', '904948', '2023-08-04', '2023-08-04', '20:09:00', '21:11:00'),
(44, 17, 15, 11, '6', '209091', '2023-08-03', '2023-08-03', '19:12:00', '20:13:00'),
(45, 18, 10, 12, '10', '974718', '2023-08-04', '2023-08-04', '10:15:00', '16:20:00'),
(46, 17, 14, 11, '16', '887722', '2023-08-04', '2023-08-04', '13:12:00', '14:12:00'),
(47, 17, 14, 11, '7', '982162', '2023-08-04', '2023-08-04', '18:03:00', '19:03:00'),
(48, 17, 10, 11, '6', '399866', '2023-08-04', '2023-08-04', '13:00:00', '19:20:00'),
(49, 17, 11, 11, '5', '651819', '2023-08-05', '2023-08-05', '10:32:00', '12:33:00'),
(50, 17, 12, 11, '10', '387638', '2023-10-07', '2023-10-10', '20:21:00', '21:21:00'),
(51, 17, 10, 15, '5', '120434', '2024-02-02', '2024-02-03', '18:52:00', '18:52:00');

-- --------------------------------------------------------

--
-- Table structure for table `car`
--

CREATE TABLE `car` (
  `carid` int(11) NOT NULL,
  `userid` int(11) NOT NULL,
  `brand` varchar(20) NOT NULL,
  `model` varchar(20) NOT NULL,
  `color` varchar(20) NOT NULL,
  `no` varchar(20) NOT NULL
) ENGINE=InnoDB DEFAULT CHARSET=utf8mb4 COLLATE=utf8mb4_general_ci;

--
-- Dumping data for table `car`
--

INSERT INTO `car` (`carid`, `userid`, `brand`, `model`, `color`, `no`) VALUES
(11, 17, 'Suzuki ', 'Baleno ', 'Red', 'WBH8838H'),
(12, 18, 'Mahindra ', 'Bolero ', 'White', 'WBH9838H'),
(13, 21, 'Mahindra ', 'Thar ', 'Black ', 'WBT8838H'),
(14, 23, 'Suzuki ', 'Baleno ', 'Black', 'WBH8838H'),
(15, 17, 'Mahindra ', 'Thar ', 'Black', 'WBH8884J'),
(16, 25, 'audi', 'qz', 'pink', 'wb68d7909'),
(17, 26, 'mahindra', 'bolero', 'black', 'WB68AB1538');

-- --------------------------------------------------------

--
-- Table structure for table `connect`
--

CREATE TABLE `connect` (
  `cid` int(11) NOT NULL,
  `userid` int(11) NOT NULL,
  `roleid` int(11) NOT NULL
) ENGINE=InnoDB DEFAULT CHARSET=utf8mb4 COLLATE=utf8mb4_general_ci;

--
-- Dumping data for table `connect`
--

INSERT INTO `connect` (`cid`, `userid`, `roleid`) VALUES
(16, 17, 3),
(17, 18, 2),
(19, 20, 2),
(20, 21, 3),
(21, 22, 1),
(22, 23, 3),
(23, 24, 2),
(24, 25, 3),
(25, 26, 3);

-- --------------------------------------------------------

--
-- Table structure for table `earning`
--

CREATE TABLE `earning` (
  `eid` int(11) NOT NULL,
  `userid` int(11) NOT NULL,
  `tid` int(11) NOT NULL
) ENGINE=InnoDB DEFAULT CHARSET=utf8mb4 COLLATE=utf8mb4_general_ci;

--
-- Dumping data for table `earning`
--

INSERT INTO `earning` (`eid`, `userid`, `tid`) VALUES
(37, 18, 53991991),
(38, 18, 86952906),
(40, 20, 69098430),
(41, 20, 79623802),
(43, 20, 18069684),
(44, 18, 27796391),
(45, 18, 79012763),
(46, 20, 72051035),
(47, 20, 88591115),
(48, 18, 68084951),
(49, 18, 17797694),
(50, 20, 70402369),
(51, 18, 69101654);

-- --------------------------------------------------------

--
-- Table structure for table `parking`
--

CREATE TABLE `parking` (
  `pid` int(11) NOT NULL,
  `userid` int(11) NOT NULL,
  `pname` varchar(50) NOT NULL,
  `place` varchar(20) NOT NULL,
  `city` varchar(20) NOT NULL,
  `dist` varchar(20) NOT NULL,
  `number` int(5) NOT NULL,
  `fare` varchar(10) NOT NULL,
  `visibility` enum('0','1') NOT NULL DEFAULT '0'
) ENGINE=InnoDB DEFAULT CHARSET=utf8mb4 COLLATE=utf8mb4_general_ci;

--
-- Dumping data for table `parking`
--

INSERT INTO `parking` (`pid`, `userid`, `pname`, `place`, `city`, `dist`, `number`, `fare`, `visibility`) VALUES
(10, 18, 'K.G. Engineering Institute', 'College Road', 'Bishnupur', 'Bankura ', 1000, '500', '0'),
(11, 18, 'Tourist Lodge', 'College Road', 'Bishnupur', 'Bankura ', 1500, '20', '0'),
(12, 20, 'Hotel Annapurna ', 'College Road', 'Bishnupur', 'Bankura ', 10, '25', '0'),
(13, 20, 'Poramatir Hat ', 'Chinnamasta', '', 'Bankura ', 15, '10', '0'),
(14, 20, 'Junction Mall ', 'City Center ', 'Durgapur ', 'Burdwan ', 18, '35', '0'),
(15, 18, 'Poramatir Hat ', 'Chinnamasta', 'Bishnupur', 'Bankura ', 15, '20', '0'),
(16, 24, 'Lalbandh', 'College Road', 'Bishnupur', 'Bankura ', 8, '15', '0');

-- --------------------------------------------------------

--
-- Table structure for table `parking spot`
--

CREATE TABLE `parking spot` (
  `sid` int(11) NOT NULL,
  `pid` int(11) NOT NULL,
  `spotno` varchar(5) NOT NULL,
  `state` enum('0','1') NOT NULL DEFAULT '0'
) ENGINE=InnoDB DEFAULT CHARSET=utf8mb4 COLLATE=utf8mb4_general_ci;

--
-- Dumping data for table `parking spot`
--

INSERT INTO `parking spot` (`sid`, `pid`, `spotno`, `state`) VALUES
(525, 10, '1', '0'),
(526, 10, '2', '0'),
(527, 10, '3', '0'),
(528, 10, '4', '0'),
(529, 10, '5', '0'),
(530, 10, '6', '0'),
(531, 10, '7', '0'),
(532, 10, '8', '0'),
(533, 10, '9', '0'),
(534, 10, '10', '0'),
(535, 11, '1', '0'),
(536, 11, '2', '0'),
(537, 11, '3', '0'),
(538, 11, '4', '0'),
(539, 11, '5', '0'),
(540, 11, '6', '0'),
(541, 11, '7', '0'),
(542, 11, '8', '0'),
(543, 11, '9', '0'),
(544, 11, '10', '0'),
(545, 11, '11', '0'),
(546, 11, '12', '0'),
(547, 11, '13', '0'),
(548, 11, '14', '0'),
(549, 11, '15', '0'),
(550, 12, '1', '0'),
(551, 12, '2', '0'),
(552, 12, '3', '0'),
(553, 12, '4', '0'),
(554, 12, '5', '0'),
(555, 12, '6', '0'),
(556, 12, '7', '0'),
(557, 12, '8', '0'),
(558, 12, '9', '0'),
(559, 12, '10', '0'),
(560, 13, '1', '0'),
(561, 13, '2', '0'),
(562, 13, '3', '0'),
(563, 13, '4', '0'),
(564, 13, '5', '0'),
(565, 13, '6', '0'),
(566, 13, '7', '0'),
(567, 13, '8', '0'),
(568, 13, '9', '0'),
(569, 13, '10', '0'),
(570, 13, '11', '0'),
(571, 13, '12', '0'),
(572, 13, '13', '0'),
(573, 13, '14', '0'),
(574, 13, '15', '0'),
(575, 14, '1', '0'),
(576, 14, '2', '0'),
(577, 14, '3', '0'),
(578, 14, '4', '0'),
(579, 14, '5', '0'),
(580, 14, '6', '0'),
(581, 14, '7', '0'),
(582, 14, '8', '0'),
(583, 14, '9', '0'),
(584, 14, '10', '0'),
(585, 14, '11', '0'),
(586, 14, '12', '0'),
(587, 14, '13', '0'),
(588, 14, '14', '0'),
(589, 14, '15', '0'),
(590, 14, '16', '0'),
(591, 14, '17', '0'),
(592, 14, '18', '0'),
(593, 15, '1', '0'),
(594, 15, '2', '0'),
(595, 15, '3', '0'),
(596, 15, '4', '0'),
(597, 15, '5', '0'),
(598, 15, '6', '0'),
(599, 15, '7', '0'),
(600, 15, '8', '0'),
(601, 15, '9', '0'),
(602, 15, '10', '0'),
(603, 15, '11', '0'),
(604, 15, '12', '0'),
(605, 15, '13', '0'),
(606, 15, '14', '0'),
(607, 15, '15', '0'),
(608, 16, '1', '0'),
(609, 16, '2', '0'),
(610, 16, '3', '0'),
(611, 16, '4', '0'),
(612, 16, '5', '0'),
(613, 16, '6', '0'),
(614, 16, '7', '0'),
(615, 16, '8', '0'),
(616, 10, '11', '0'),
(617, 10, '12', '0'),
(618, 10, '13', '0'),
(619, 10, '14', '0'),
(620, 10, '15', '0'),
(621, 10, '16', '0'),
(622, 10, '17', '0'),
(623, 10, '18', '0'),
(624, 10, '19', '0'),
(625, 10, '20', '0'),
(626, 10, '21', '0'),
(627, 10, '22', '0'),
(628, 10, '23', '0'),
(629, 10, '24', '0'),
(630, 10, '25', '0'),
(631, 10, '26', '0'),
(632, 10, '27', '0'),
(633, 10, '28', '0'),
(634, 10, '29', '0'),
(635, 10, '30', '0'),
(636, 10, '31', '0'),
(637, 10, '32', '0'),
(638, 10, '33', '0'),
(639, 10, '34', '0'),
(640, 10, '35', '0'),
(641, 10, '36', '0'),
(642, 10, '37', '0'),
(643, 10, '38', '0'),
(644, 10, '39', '0'),
(645, 10, '40', '0'),
(646, 10, '41', '0'),
(647, 10, '42', '0'),
(648, 10, '43', '0'),
(649, 10, '44', '0'),
(650, 10, '45', '0'),
(651, 10, '46', '0'),
(652, 10, '47', '0'),
(653, 10, '48', '0'),
(654, 10, '49', '0'),
(655, 10, '50', '0'),
(656, 10, '51', '0'),
(657, 10, '52', '0'),
(658, 10, '53', '0'),
(659, 10, '54', '0'),
(660, 10, '55', '0'),
(661, 10, '56', '0'),
(662, 10, '57', '0'),
(663, 10, '58', '0'),
(664, 10, '59', '0'),
(665, 10, '60', '0'),
(666, 10, '61', '0'),
(667, 10, '62', '0'),
(668, 10, '63', '0'),
(669, 10, '64', '0'),
(670, 10, '65', '0'),
(671, 10, '66', '0'),
(672, 10, '67', '0'),
(673, 10, '68', '0'),
(674, 10, '69', '0'),
(675, 10, '70', '0'),
(676, 10, '71', '0'),
(677, 10, '72', '0'),
(678, 10, '73', '0'),
(679, 10, '74', '0'),
(680, 10, '75', '0'),
(681, 10, '76', '0'),
(682, 10, '77', '0'),
(683, 10, '78', '0'),
(684, 10, '79', '0'),
(685, 10, '80', '0'),
(686, 10, '81', '0'),
(687, 10, '82', '0'),
(688, 10, '83', '0'),
(689, 10, '84', '0'),
(690, 10, '85', '0'),
(691, 10, '86', '0'),
(692, 10, '87', '0'),
(693, 10, '88', '0'),
(694, 10, '89', '0'),
(695, 10, '90', '0'),
(696, 10, '91', '0'),
(697, 10, '92', '0'),
(698, 10, '93', '0'),
(699, 10, '94', '0'),
(700, 10, '95', '0'),
(701, 10, '96', '0'),
(702, 10, '97', '0'),
(703, 10, '98', '0'),
(704, 10, '99', '0'),
(705, 10, '100', '0'),
(706, 10, '101', '0'),
(707, 10, '102', '0'),
(708, 10, '103', '0'),
(709, 10, '104', '0'),
(710, 10, '105', '0'),
(711, 10, '106', '0'),
(712, 10, '107', '0'),
(713, 10, '108', '0'),
(714, 10, '109', '0'),
(715, 10, '110', '0'),
(716, 10, '111', '0'),
(717, 10, '112', '0'),
(718, 10, '113', '0'),
(719, 10, '114', '0'),
(720, 10, '115', '0'),
(721, 10, '116', '0'),
(722, 10, '117', '0'),
(723, 10, '118', '0'),
(724, 10, '119', '0'),
(725, 10, '120', '0'),
(726, 10, '121', '0'),
(727, 10, '122', '0'),
(728, 10, '123', '0'),
(729, 10, '124', '0'),
(730, 10, '125', '0'),
(731, 10, '126', '0'),
(732, 10, '127', '0'),
(733, 10, '128', '0'),
(734, 10, '129', '0'),
(735, 10, '130', '0'),
(736, 10, '131', '0'),
(737, 10, '132', '0'),
(738, 10, '133', '0'),
(739, 10, '134', '0'),
(740, 10, '135', '0'),
(741, 10, '136', '0'),
(742, 10, '137', '0'),
(743, 10, '138', '0'),
(744, 10, '139', '0'),
(745, 10, '140', '0'),
(746, 10, '141', '0'),
(747, 10, '142', '0'),
(748, 10, '143', '0'),
(749, 10, '144', '0'),
(750, 10, '145', '0'),
(751, 10, '146', '0'),
(752, 10, '147', '0'),
(753, 10, '148', '0'),
(754, 10, '149', '0'),
(755, 10, '150', '0'),
(756, 10, '151', '0'),
(757, 10, '152', '0'),
(758, 10, '153', '0'),
(759, 10, '154', '0'),
(760, 10, '155', '0'),
(761, 10, '156', '0'),
(762, 10, '157', '0'),
(763, 10, '158', '0'),
(764, 10, '159', '0'),
(765, 10, '160', '0'),
(766, 10, '161', '0'),
(767, 10, '162', '0'),
(768, 10, '163', '0'),
(769, 10, '164', '0'),
(770, 10, '165', '0'),
(771, 10, '166', '0'),
(772, 10, '167', '0'),
(773, 10, '168', '0'),
(774, 10, '169', '0'),
(775, 10, '170', '0'),
(776, 10, '171', '0'),
(777, 10, '172', '0'),
(778, 10, '173', '0'),
(779, 10, '174', '0'),
(780, 10, '175', '0'),
(781, 10, '176', '0'),
(782, 10, '177', '0'),
(783, 10, '178', '0'),
(784, 10, '179', '0'),
(785, 10, '180', '0'),
(786, 10, '181', '0'),
(787, 10, '182', '0'),
(788, 10, '183', '0'),
(789, 10, '184', '0'),
(790, 10, '185', '0'),
(791, 10, '186', '0'),
(792, 10, '187', '0'),
(793, 10, '188', '0'),
(794, 10, '189', '0'),
(795, 10, '190', '0'),
(796, 10, '191', '0'),
(797, 10, '192', '0'),
(798, 10, '193', '0'),
(799, 10, '194', '0'),
(800, 10, '195', '0'),
(801, 10, '196', '0'),
(802, 10, '197', '0'),
(803, 10, '198', '0'),
(804, 10, '199', '0'),
(805, 10, '200', '0'),
(806, 10, '201', '0'),
(807, 10, '202', '0'),
(808, 10, '203', '0'),
(809, 10, '204', '0'),
(810, 10, '205', '0'),
(811, 10, '206', '0'),
(812, 10, '207', '0'),
(813, 10, '208', '0'),
(814, 10, '209', '0'),
(815, 10, '210', '0'),
(816, 10, '211', '0'),
(817, 10, '212', '0'),
(818, 10, '213', '0'),
(819, 10, '214', '0'),
(820, 10, '215', '0'),
(821, 10, '216', '0'),
(822, 10, '217', '0'),
(823, 10, '218', '0'),
(824, 10, '219', '0'),
(825, 10, '220', '0'),
(826, 10, '221', '0'),
(827, 10, '222', '0'),
(828, 10, '223', '0'),
(829, 10, '224', '0'),
(830, 10, '225', '0'),
(831, 10, '226', '0'),
(832, 10, '227', '0'),
(833, 10, '228', '0'),
(834, 10, '229', '0'),
(835, 10, '230', '0'),
(836, 10, '231', '0'),
(837, 10, '232', '0'),
(838, 10, '233', '0'),
(839, 10, '234', '0'),
(840, 10, '235', '0'),
(841, 10, '236', '0'),
(842, 10, '237', '0'),
(843, 10, '238', '0'),
(844, 10, '239', '0'),
(845, 10, '240', '0'),
(846, 10, '241', '0'),
(847, 10, '242', '0'),
(848, 10, '243', '0'),
(849, 10, '244', '0'),
(850, 10, '245', '0'),
(851, 10, '246', '0'),
(852, 10, '247', '0'),
(853, 10, '248', '0'),
(854, 10, '249', '0'),
(855, 10, '250', '0'),
(856, 10, '251', '0'),
(857, 10, '252', '0'),
(858, 10, '253', '0'),
(859, 10, '254', '0'),
(860, 10, '255', '0'),
(861, 10, '256', '0'),
(862, 10, '257', '0'),
(863, 10, '258', '0'),
(864, 10, '259', '0'),
(865, 10, '260', '0'),
(866, 10, '261', '0'),
(867, 10, '262', '0'),
(868, 10, '263', '0'),
(869, 10, '264', '0'),
(870, 10, '265', '0'),
(871, 10, '266', '0'),
(872, 10, '267', '0'),
(873, 10, '268', '0'),
(874, 10, '269', '0'),
(875, 10, '270', '0'),
(876, 10, '271', '0'),
(877, 10, '272', '0'),
(878, 10, '273', '0'),
(879, 10, '274', '0'),
(880, 10, '275', '0'),
(881, 10, '276', '0'),
(882, 10, '277', '0'),
(883, 10, '278', '0'),
(884, 10, '279', '0'),
(885, 10, '280', '0'),
(886, 10, '281', '0'),
(887, 10, '282', '0'),
(888, 10, '283', '0'),
(889, 10, '284', '0'),
(890, 10, '285', '0'),
(891, 10, '286', '0'),
(892, 10, '287', '0'),
(893, 10, '288', '0'),
(894, 10, '289', '0'),
(895, 10, '290', '0'),
(896, 10, '291', '0'),
(897, 10, '292', '0'),
(898, 10, '293', '0'),
(899, 10, '294', '0'),
(900, 10, '295', '0'),
(901, 10, '296', '0'),
(902, 10, '297', '0'),
(903, 10, '298', '0'),
(904, 10, '299', '0'),
(905, 10, '300', '0'),
(906, 10, '301', '0'),
(907, 10, '302', '0'),
(908, 10, '303', '0'),
(909, 10, '304', '0'),
(910, 10, '305', '0'),
(911, 10, '306', '0'),
(912, 10, '307', '0'),
(913, 10, '308', '0'),
(914, 10, '309', '0'),
(915, 10, '310', '0'),
(916, 10, '311', '0'),
(917, 10, '312', '0'),
(918, 10, '313', '0'),
(919, 10, '314', '0'),
(920, 10, '315', '0'),
(921, 10, '316', '0'),
(922, 10, '317', '0'),
(923, 10, '318', '0'),
(924, 10, '319', '0'),
(925, 10, '320', '0'),
(926, 10, '321', '0'),
(927, 10, '322', '0'),
(928, 10, '323', '0'),
(929, 10, '324', '0'),
(930, 10, '325', '0'),
(931, 10, '326', '0'),
(932, 10, '327', '0'),
(933, 10, '328', '0'),
(934, 10, '329', '0'),
(935, 10, '330', '0'),
(936, 10, '331', '0'),
(937, 10, '332', '0'),
(938, 10, '333', '0'),
(939, 10, '334', '0'),
(940, 10, '335', '0'),
(941, 10, '336', '0'),
(942, 10, '337', '0'),
(943, 10, '338', '0'),
(944, 10, '339', '0'),
(945, 10, '340', '0'),
(946, 10, '341', '0'),
(947, 10, '342', '0'),
(948, 10, '343', '0'),
(949, 10, '344', '0'),
(950, 10, '345', '0'),
(951, 10, '346', '0'),
(952, 10, '347', '0'),
(953, 10, '348', '0'),
(954, 10, '349', '0'),
(955, 10, '350', '0'),
(956, 10, '351', '0'),
(957, 10, '352', '0'),
(958, 10, '353', '0'),
(959, 10, '354', '0'),
(960, 10, '355', '0'),
(961, 10, '356', '0'),
(962, 10, '357', '0'),
(963, 10, '358', '0'),
(964, 10, '359', '0'),
(965, 10, '360', '0'),
(966, 10, '361', '0'),
(967, 10, '362', '0'),
(968, 10, '363', '0'),
(969, 10, '364', '0'),
(970, 10, '365', '0'),
(971, 10, '366', '0'),
(972, 10, '367', '0'),
(973, 10, '368', '0'),
(974, 10, '369', '0'),
(975, 10, '370', '0'),
(976, 10, '371', '0'),
(977, 10, '372', '0'),
(978, 10, '373', '0'),
(979, 10, '374', '0'),
(980, 10, '375', '0'),
(981, 10, '376', '0'),
(982, 10, '377', '0'),
(983, 10, '378', '0'),
(984, 10, '379', '0'),
(985, 10, '380', '0'),
(986, 10, '381', '0'),
(987, 10, '382', '0'),
(988, 10, '383', '0'),
(989, 10, '384', '0'),
(990, 10, '385', '0'),
(991, 10, '386', '0'),
(992, 10, '387', '0'),
(993, 10, '388', '0'),
(994, 10, '389', '0'),
(995, 10, '390', '0'),
(996, 10, '391', '0'),
(997, 10, '392', '0'),
(998, 10, '393', '0'),
(999, 10, '394', '0'),
(1000, 10, '395', '0'),
(1001, 10, '396', '0'),
(1002, 10, '397', '0'),
(1003, 10, '398', '0'),
(1004, 10, '399', '0'),
(1005, 10, '400', '0'),
(1006, 10, '401', '0'),
(1007, 10, '402', '0'),
(1008, 10, '403', '0'),
(1009, 10, '404', '0'),
(1010, 10, '405', '0'),
(1011, 10, '406', '0'),
(1012, 10, '407', '0'),
(1013, 10, '408', '0'),
(1014, 10, '409', '0'),
(1015, 10, '410', '0'),
(1016, 10, '411', '0'),
(1017, 10, '412', '0'),
(1018, 10, '413', '0'),
(1019, 10, '414', '0'),
(1020, 10, '415', '0'),
(1021, 10, '416', '0'),
(1022, 10, '417', '0'),
(1023, 10, '418', '0'),
(1024, 10, '419', '0'),
(1025, 10, '420', '0'),
(1026, 10, '421', '0'),
(1027, 10, '422', '0'),
(1028, 10, '423', '0'),
(1029, 10, '424', '0'),
(1030, 10, '425', '0'),
(1031, 10, '426', '0'),
(1032, 10, '427', '0'),
(1033, 10, '428', '0'),
(1034, 10, '429', '0'),
(1035, 10, '430', '0'),
(1036, 10, '431', '0'),
(1037, 10, '432', '0'),
(1038, 10, '433', '0'),
(1039, 10, '434', '0'),
(1040, 10, '435', '0'),
(1041, 10, '436', '0'),
(1042, 10, '437', '0'),
(1043, 10, '438', '0'),
(1044, 10, '439', '0'),
(1045, 10, '440', '0'),
(1046, 10, '441', '0'),
(1047, 10, '442', '0'),
(1048, 10, '443', '0'),
(1049, 10, '444', '0'),
(1050, 10, '445', '0'),
(1051, 10, '446', '0'),
(1052, 10, '447', '0'),
(1053, 10, '448', '0'),
(1054, 10, '449', '0'),
(1055, 10, '450', '0'),
(1056, 10, '451', '0'),
(1057, 10, '452', '0'),
(1058, 10, '453', '0'),
(1059, 10, '454', '0'),
(1060, 10, '455', '0'),
(1061, 10, '456', '0'),
(1062, 10, '457', '0'),
(1063, 10, '458', '0'),
(1064, 10, '459', '0'),
(1065, 10, '460', '0'),
(1066, 10, '461', '0'),
(1067, 10, '462', '0'),
(1068, 10, '463', '0'),
(1069, 10, '464', '0'),
(1070, 10, '465', '0'),
(1071, 10, '466', '0'),
(1072, 10, '467', '0'),
(1073, 10, '468', '0'),
(1074, 10, '469', '0'),
(1075, 10, '470', '0'),
(1076, 10, '471', '0'),
(1077, 10, '472', '0'),
(1078, 10, '473', '0'),
(1079, 10, '474', '0'),
(1080, 10, '475', '0'),
(1081, 10, '476', '0'),
(1082, 10, '477', '0'),
(1083, 10, '478', '0'),
(1084, 10, '479', '0'),
(1085, 10, '480', '0'),
(1086, 10, '481', '0'),
(1087, 10, '482', '0'),
(1088, 10, '483', '0'),
(1089, 10, '484', '0'),
(1090, 10, '485', '0'),
(1091, 10, '486', '0'),
(1092, 10, '487', '0'),
(1093, 10, '488', '0'),
(1094, 10, '489', '0'),
(1095, 10, '490', '0'),
(1096, 10, '491', '0'),
(1097, 10, '492', '0'),
(1098, 10, '493', '0'),
(1099, 10, '494', '0'),
(1100, 10, '495', '0'),
(1101, 10, '496', '0'),
(1102, 10, '497', '0'),
(1103, 10, '498', '0'),
(1104, 10, '499', '0'),
(1105, 10, '500', '0'),
(1106, 10, '501', '0'),
(1107, 10, '502', '0'),
(1108, 10, '503', '0'),
(1109, 10, '504', '0'),
(1110, 10, '505', '0'),
(1111, 10, '506', '0'),
(1112, 10, '507', '0'),
(1113, 10, '508', '0'),
(1114, 10, '509', '0'),
(1115, 10, '510', '0'),
(1116, 10, '511', '0'),
(1117, 10, '512', '0'),
(1118, 10, '513', '0'),
(1119, 10, '514', '0'),
(1120, 10, '515', '0'),
(1121, 10, '516', '0'),
(1122, 10, '517', '0'),
(1123, 10, '518', '0'),
(1124, 10, '519', '0'),
(1125, 10, '520', '0'),
(1126, 10, '521', '0'),
(1127, 10, '522', '0'),
(1128, 10, '523', '0'),
(1129, 10, '524', '0'),
(1130, 10, '525', '0'),
(1131, 10, '526', '0'),
(1132, 10, '527', '0'),
(1133, 10, '528', '0'),
(1134, 10, '529', '0'),
(1135, 10, '530', '0'),
(1136, 10, '531', '0'),
(1137, 10, '532', '0'),
(1138, 10, '533', '0'),
(1139, 10, '534', '0'),
(1140, 10, '535', '0'),
(1141, 10, '536', '0'),
(1142, 10, '537', '0'),
(1143, 10, '538', '0'),
(1144, 10, '539', '0'),
(1145, 10, '540', '0'),
(1146, 10, '541', '0'),
(1147, 10, '542', '0'),
(1148, 10, '543', '0'),
(1149, 10, '544', '0'),
(1150, 10, '545', '0'),
(1151, 10, '546', '0'),
(1152, 10, '547', '0'),
(1153, 10, '548', '0'),
(1154, 10, '549', '0'),
(1155, 10, '550', '0'),
(1156, 10, '551', '0'),
(1157, 10, '552', '0'),
(1158, 10, '553', '0'),
(1159, 10, '554', '0'),
(1160, 10, '555', '0'),
(1161, 10, '556', '0'),
(1162, 10, '557', '0'),
(1163, 10, '558', '0'),
(1164, 10, '559', '0'),
(1165, 10, '560', '0'),
(1166, 10, '561', '0'),
(1167, 10, '562', '0'),
(1168, 10, '563', '0'),
(1169, 10, '564', '0'),
(1170, 10, '565', '0'),
(1171, 10, '566', '0'),
(1172, 10, '567', '0'),
(1173, 10, '568', '0'),
(1174, 10, '569', '0'),
(1175, 10, '570', '0'),
(1176, 10, '571', '0'),
(1177, 10, '572', '0'),
(1178, 10, '573', '0'),
(1179, 10, '574', '0'),
(1180, 10, '575', '0'),
(1181, 10, '576', '0'),
(1182, 10, '577', '0'),
(1183, 10, '578', '0'),
(1184, 10, '579', '0'),
(1185, 10, '580', '0'),
(1186, 10, '581', '0'),
(1187, 10, '582', '0'),
(1188, 10, '583', '0'),
(1189, 10, '584', '0'),
(1190, 10, '585', '0'),
(1191, 10, '586', '0'),
(1192, 10, '587', '0'),
(1193, 10, '588', '0'),
(1194, 10, '589', '0'),
(1195, 10, '590', '0'),
(1196, 10, '591', '0'),
(1197, 10, '592', '0'),
(1198, 10, '593', '0'),
(1199, 10, '594', '0'),
(1200, 10, '595', '0'),
(1201, 10, '596', '0'),
(1202, 10, '597', '0'),
(1203, 10, '598', '0'),
(1204, 10, '599', '0'),
(1205, 10, '600', '0'),
(1206, 10, '601', '0'),
(1207, 10, '602', '0'),
(1208, 10, '603', '0'),
(1209, 10, '604', '0'),
(1210, 10, '605', '0'),
(1211, 10, '606', '0'),
(1212, 10, '607', '0'),
(1213, 10, '608', '0'),
(1214, 10, '609', '0'),
(1215, 10, '610', '0'),
(1216, 10, '611', '0'),
(1217, 10, '612', '0'),
(1218, 10, '613', '0'),
(1219, 10, '614', '0'),
(1220, 10, '615', '0'),
(1221, 10, '616', '0'),
(1222, 10, '617', '0'),
(1223, 10, '618', '0'),
(1224, 10, '619', '0'),
(1225, 10, '620', '0'),
(1226, 10, '621', '0'),
(1227, 10, '622', '0'),
(1228, 10, '623', '0'),
(1229, 10, '624', '0'),
(1230, 10, '625', '0'),
(1231, 10, '626', '0'),
(1232, 10, '627', '0'),
(1233, 10, '628', '0'),
(1234, 10, '629', '0'),
(1235, 10, '630', '0'),
(1236, 10, '631', '0'),
(1237, 10, '632', '0'),
(1238, 10, '633', '0'),
(1239, 10, '634', '0'),
(1240, 10, '635', '0'),
(1241, 10, '636', '0'),
(1242, 10, '637', '0'),
(1243, 10, '638', '0'),
(1244, 10, '639', '0'),
(1245, 10, '640', '0'),
(1246, 10, '641', '0'),
(1247, 10, '642', '0'),
(1248, 10, '643', '0'),
(1249, 10, '644', '0'),
(1250, 10, '645', '0'),
(1251, 10, '646', '0'),
(1252, 10, '647', '0'),
(1253, 10, '648', '0'),
(1254, 10, '649', '0'),
(1255, 10, '650', '0'),
(1256, 10, '651', '0'),
(1257, 10, '652', '0'),
(1258, 10, '653', '0'),
(1259, 10, '654', '0'),
(1260, 10, '655', '0'),
(1261, 10, '656', '0'),
(1262, 10, '657', '0'),
(1263, 10, '658', '0'),
(1264, 10, '659', '0'),
(1265, 10, '660', '0'),
(1266, 10, '661', '0'),
(1267, 10, '662', '0'),
(1268, 10, '663', '0'),
(1269, 10, '664', '0'),
(1270, 10, '665', '0'),
(1271, 10, '666', '0'),
(1272, 10, '667', '0'),
(1273, 10, '668', '0'),
(1274, 10, '669', '0'),
(1275, 10, '670', '0'),
(1276, 10, '671', '0'),
(1277, 10, '672', '0'),
(1278, 10, '673', '0'),
(1279, 10, '674', '0'),
(1280, 10, '675', '0'),
(1281, 10, '676', '0'),
(1282, 10, '677', '0'),
(1283, 10, '678', '0'),
(1284, 10, '679', '0'),
(1285, 10, '680', '0'),
(1286, 10, '681', '0'),
(1287, 10, '682', '0'),
(1288, 10, '683', '0'),
(1289, 10, '684', '0'),
(1290, 10, '685', '0'),
(1291, 10, '686', '0'),
(1292, 10, '687', '0'),
(1293, 10, '688', '0'),
(1294, 10, '689', '0'),
(1295, 10, '690', '0'),
(1296, 10, '691', '0'),
(1297, 10, '692', '0'),
(1298, 10, '693', '0'),
(1299, 10, '694', '0'),
(1300, 10, '695', '0'),
(1301, 10, '696', '0'),
(1302, 10, '697', '0'),
(1303, 10, '698', '0'),
(1304, 10, '699', '0'),
(1305, 10, '700', '0'),
(1306, 10, '701', '0'),
(1307, 10, '702', '0'),
(1308, 10, '703', '0'),
(1309, 10, '704', '0'),
(1310, 10, '705', '0'),
(1311, 10, '706', '0'),
(1312, 10, '707', '0'),
(1313, 10, '708', '0'),
(1314, 10, '709', '0'),
(1315, 10, '710', '0'),
(1316, 10, '711', '0'),
(1317, 10, '712', '0'),
(1318, 10, '713', '0'),
(1319, 10, '714', '0'),
(1320, 10, '715', '0'),
(1321, 10, '716', '0'),
(1322, 10, '717', '0'),
(1323, 10, '718', '0'),
(1324, 10, '719', '0'),
(1325, 10, '720', '0'),
(1326, 10, '721', '0'),
(1327, 10, '722', '0'),
(1328, 10, '723', '0'),
(1329, 10, '724', '0'),
(1330, 10, '725', '0'),
(1331, 10, '726', '0'),
(1332, 10, '727', '0'),
(1333, 10, '728', '0'),
(1334, 10, '729', '0'),
(1335, 10, '730', '0'),
(1336, 10, '731', '0'),
(1337, 10, '732', '0'),
(1338, 10, '733', '0'),
(1339, 10, '734', '0'),
(1340, 10, '735', '0'),
(1341, 10, '736', '0'),
(1342, 10, '737', '0'),
(1343, 10, '738', '0'),
(1344, 10, '739', '0'),
(1345, 10, '740', '0'),
(1346, 10, '741', '0'),
(1347, 10, '742', '0'),
(1348, 10, '743', '0'),
(1349, 10, '744', '0'),
(1350, 10, '745', '0'),
(1351, 10, '746', '0'),
(1352, 10, '747', '0'),
(1353, 10, '748', '0'),
(1354, 10, '749', '0'),
(1355, 10, '750', '0'),
(1356, 10, '751', '0'),
(1357, 10, '752', '0'),
(1358, 10, '753', '0'),
(1359, 10, '754', '0'),
(1360, 10, '755', '0'),
(1361, 10, '756', '0'),
(1362, 10, '757', '0'),
(1363, 10, '758', '0'),
(1364, 10, '759', '0'),
(1365, 10, '760', '0'),
(1366, 10, '761', '0'),
(1367, 10, '762', '0'),
(1368, 10, '763', '0'),
(1369, 10, '764', '0'),
(1370, 10, '765', '0'),
(1371, 10, '766', '0'),
(1372, 10, '767', '0'),
(1373, 10, '768', '0'),
(1374, 10, '769', '0'),
(1375, 10, '770', '0'),
(1376, 10, '771', '0'),
(1377, 10, '772', '0'),
(1378, 10, '773', '0'),
(1379, 10, '774', '0'),
(1380, 10, '775', '0'),
(1381, 10, '776', '0'),
(1382, 10, '777', '0'),
(1383, 10, '778', '0'),
(1384, 10, '779', '0'),
(1385, 10, '780', '0'),
(1386, 10, '781', '0'),
(1387, 10, '782', '0'),
(1388, 10, '783', '0'),
(1389, 10, '784', '0'),
(1390, 10, '785', '0'),
(1391, 10, '786', '0'),
(1392, 10, '787', '0'),
(1393, 10, '788', '0'),
(1394, 10, '789', '0'),
(1395, 10, '790', '0'),
(1396, 10, '791', '0'),
(1397, 10, '792', '0'),
(1398, 10, '793', '0'),
(1399, 10, '794', '0'),
(1400, 10, '795', '0'),
(1401, 10, '796', '0'),
(1402, 10, '797', '0'),
(1403, 10, '798', '0'),
(1404, 10, '799', '0'),
(1405, 10, '800', '0'),
(1406, 10, '801', '0'),
(1407, 10, '802', '0'),
(1408, 10, '803', '0'),
(1409, 10, '804', '0'),
(1410, 10, '805', '0'),
(1411, 10, '806', '0'),
(1412, 10, '807', '0'),
(1413, 10, '808', '0'),
(1414, 10, '809', '0'),
(1415, 10, '810', '0'),
(1416, 10, '811', '0'),
(1417, 10, '812', '0'),
(1418, 10, '813', '0'),
(1419, 10, '814', '0'),
(1420, 10, '815', '0'),
(1421, 10, '816', '0'),
(1422, 10, '817', '0'),
(1423, 10, '818', '0'),
(1424, 10, '819', '0'),
(1425, 10, '820', '0'),
(1426, 10, '821', '0'),
(1427, 10, '822', '0'),
(1428, 10, '823', '0'),
(1429, 10, '824', '0'),
(1430, 10, '825', '0'),
(1431, 10, '826', '0'),
(1432, 10, '827', '0'),
(1433, 10, '828', '0'),
(1434, 10, '829', '0'),
(1435, 10, '830', '0'),
(1436, 10, '831', '0'),
(1437, 10, '832', '0'),
(1438, 10, '833', '0'),
(1439, 10, '834', '0'),
(1440, 10, '835', '0'),
(1441, 10, '836', '0'),
(1442, 10, '837', '0'),
(1443, 10, '838', '0'),
(1444, 10, '839', '0'),
(1445, 10, '840', '0'),
(1446, 10, '841', '0'),
(1447, 10, '842', '0'),
(1448, 10, '843', '0'),
(1449, 10, '844', '0'),
(1450, 10, '845', '0'),
(1451, 10, '846', '0'),
(1452, 10, '847', '0'),
(1453, 10, '848', '0'),
(1454, 10, '849', '0'),
(1455, 10, '850', '0'),
(1456, 10, '851', '0'),
(1457, 10, '852', '0'),
(1458, 10, '853', '0'),
(1459, 10, '854', '0'),
(1460, 10, '855', '0'),
(1461, 10, '856', '0'),
(1462, 10, '857', '0'),
(1463, 10, '858', '0'),
(1464, 10, '859', '0'),
(1465, 10, '860', '0'),
(1466, 10, '861', '0'),
(1467, 10, '862', '0'),
(1468, 10, '863', '0'),
(1469, 10, '864', '0'),
(1470, 10, '865', '0'),
(1471, 10, '866', '0'),
(1472, 10, '867', '0'),
(1473, 10, '868', '0'),
(1474, 10, '869', '0'),
(1475, 10, '870', '0'),
(1476, 10, '871', '0'),
(1477, 10, '872', '0'),
(1478, 10, '873', '0'),
(1479, 10, '874', '0'),
(1480, 10, '875', '0'),
(1481, 10, '876', '0'),
(1482, 10, '877', '0'),
(1483, 10, '878', '0'),
(1484, 10, '879', '0'),
(1485, 10, '880', '0'),
(1486, 10, '881', '0'),
(1487, 10, '882', '0'),
(1488, 10, '883', '0'),
(1489, 10, '884', '0'),
(1490, 10, '885', '0'),
(1491, 10, '886', '0'),
(1492, 10, '887', '0'),
(1493, 10, '888', '0'),
(1494, 10, '889', '0'),
(1495, 10, '890', '0'),
(1496, 10, '891', '0'),
(1497, 10, '892', '0'),
(1498, 10, '893', '0'),
(1499, 10, '894', '0'),
(1500, 10, '895', '0'),
(1501, 10, '896', '0'),
(1502, 10, '897', '0'),
(1503, 10, '898', '0'),
(1504, 10, '899', '0'),
(1505, 10, '900', '0'),
(1506, 10, '901', '0'),
(1507, 10, '902', '0'),
(1508, 10, '903', '0'),
(1509, 10, '904', '0'),
(1510, 10, '905', '0'),
(1511, 10, '906', '0'),
(1512, 10, '907', '0'),
(1513, 10, '908', '0'),
(1514, 10, '909', '0'),
(1515, 10, '910', '0'),
(1516, 10, '911', '0'),
(1517, 10, '912', '0'),
(1518, 10, '913', '0'),
(1519, 10, '914', '0'),
(1520, 10, '915', '0'),
(1521, 10, '916', '0'),
(1522, 10, '917', '0'),
(1523, 10, '918', '0'),
(1524, 10, '919', '0'),
(1525, 10, '920', '0'),
(1526, 10, '921', '0'),
(1527, 10, '922', '0'),
(1528, 10, '923', '0'),
(1529, 10, '924', '0'),
(1530, 10, '925', '0'),
(1531, 10, '926', '0'),
(1532, 10, '927', '0'),
(1533, 10, '928', '0'),
(1534, 10, '929', '0'),
(1535, 10, '930', '0'),
(1536, 10, '931', '0'),
(1537, 10, '932', '0'),
(1538, 10, '933', '0'),
(1539, 10, '934', '0'),
(1540, 10, '935', '0'),
(1541, 10, '936', '0'),
(1542, 10, '937', '0'),
(1543, 10, '938', '0'),
(1544, 10, '939', '0'),
(1545, 10, '940', '0'),
(1546, 10, '941', '0'),
(1547, 10, '942', '0'),
(1548, 10, '943', '0'),
(1549, 10, '944', '0'),
(1550, 10, '945', '0'),
(1551, 10, '946', '0'),
(1552, 10, '947', '0'),
(1553, 10, '948', '0'),
(1554, 10, '949', '0'),
(1555, 10, '950', '0'),
(1556, 10, '951', '0'),
(1557, 10, '952', '0'),
(1558, 10, '953', '0'),
(1559, 10, '954', '0'),
(1560, 10, '955', '0'),
(1561, 10, '956', '0'),
(1562, 10, '957', '0'),
(1563, 10, '958', '0'),
(1564, 10, '959', '0'),
(1565, 10, '960', '0'),
(1566, 10, '961', '0'),
(1567, 10, '962', '0'),
(1568, 10, '963', '0'),
(1569, 10, '964', '0'),
(1570, 10, '965', '0'),
(1571, 10, '966', '0'),
(1572, 10, '967', '0'),
(1573, 10, '968', '0'),
(1574, 10, '969', '0'),
(1575, 10, '970', '0'),
(1576, 10, '971', '0'),
(1577, 10, '972', '0'),
(1578, 10, '973', '0'),
(1579, 10, '974', '0'),
(1580, 10, '975', '0'),
(1581, 10, '976', '0'),
(1582, 10, '977', '0'),
(1583, 10, '978', '0'),
(1584, 10, '979', '0'),
(1585, 10, '980', '0'),
(1586, 10, '981', '0'),
(1587, 10, '982', '0'),
(1588, 10, '983', '0'),
(1589, 10, '984', '0'),
(1590, 10, '985', '0'),
(1591, 10, '986', '0'),
(1592, 10, '987', '0'),
(1593, 10, '988', '0'),
(1594, 10, '989', '0'),
(1595, 10, '990', '0'),
(1596, 10, '991', '0'),
(1597, 10, '992', '0'),
(1598, 10, '993', '0'),
(1599, 10, '994', '0'),
(1600, 10, '995', '0'),
(1601, 10, '996', '0'),
(1602, 10, '997', '0'),
(1603, 10, '998', '0'),
(1604, 10, '999', '0'),
(1605, 10, '1000', '0'),
(1606, 11, '16', '0'),
(1607, 11, '17', '0'),
(1608, 11, '18', '0'),
(1609, 11, '19', '0'),
(1610, 11, '20', '0'),
(1611, 11, '21', '0'),
(1612, 11, '22', '0'),
(1613, 11, '23', '0'),
(1614, 11, '24', '0'),
(1615, 11, '25', '0'),
(1616, 11, '26', '0'),
(1617, 11, '27', '0'),
(1618, 11, '28', '0'),
(1619, 11, '29', '0'),
(1620, 11, '30', '0'),
(1621, 11, '31', '0'),
(1622, 11, '32', '0'),
(1623, 11, '33', '0'),
(1624, 11, '34', '0'),
(1625, 11, '35', '0'),
(1626, 11, '36', '0'),
(1627, 11, '37', '0'),
(1628, 11, '38', '0'),
(1629, 11, '39', '0'),
(1630, 11, '40', '0'),
(1631, 11, '41', '0'),
(1632, 11, '42', '0'),
(1633, 11, '43', '0'),
(1634, 11, '44', '0'),
(1635, 11, '45', '0'),
(1636, 11, '46', '0'),
(1637, 11, '47', '0'),
(1638, 11, '48', '0'),
(1639, 11, '49', '0'),
(1640, 11, '50', '0'),
(1641, 11, '51', '0'),
(1642, 11, '52', '0'),
(1643, 11, '53', '0'),
(1644, 11, '54', '0'),
(1645, 11, '55', '0'),
(1646, 11, '56', '0'),
(1647, 11, '57', '0'),
(1648, 11, '58', '0'),
(1649, 11, '59', '0'),
(1650, 11, '60', '0'),
(1651, 11, '61', '0'),
(1652, 11, '62', '0'),
(1653, 11, '63', '0'),
(1654, 11, '64', '0'),
(1655, 11, '65', '0'),
(1656, 11, '66', '0'),
(1657, 11, '67', '0'),
(1658, 11, '68', '0'),
(1659, 11, '69', '0'),
(1660, 11, '70', '0'),
(1661, 11, '71', '0'),
(1662, 11, '72', '0'),
(1663, 11, '73', '0'),
(1664, 11, '74', '0'),
(1665, 11, '75', '0'),
(1666, 11, '76', '0'),
(1667, 11, '77', '0'),
(1668, 11, '78', '0'),
(1669, 11, '79', '0'),
(1670, 11, '80', '0'),
(1671, 11, '81', '0'),
(1672, 11, '82', '0'),
(1673, 11, '83', '0'),
(1674, 11, '84', '0'),
(1675, 11, '85', '0'),
(1676, 11, '86', '0'),
(1677, 11, '87', '0'),
(1678, 11, '88', '0'),
(1679, 11, '89', '0'),
(1680, 11, '90', '0'),
(1681, 11, '91', '0'),
(1682, 11, '92', '0'),
(1683, 11, '93', '0'),
(1684, 11, '94', '0'),
(1685, 11, '95', '0'),
(1686, 11, '96', '0'),
(1687, 11, '97', '0'),
(1688, 11, '98', '0'),
(1689, 11, '99', '0'),
(1690, 11, '100', '0'),
(1691, 11, '101', '0'),
(1692, 11, '102', '0'),
(1693, 11, '103', '0'),
(1694, 11, '104', '0'),
(1695, 11, '105', '0'),
(1696, 11, '106', '0'),
(1697, 11, '107', '0'),
(1698, 11, '108', '0'),
(1699, 11, '109', '0'),
(1700, 11, '110', '0'),
(1701, 11, '111', '0'),
(1702, 11, '112', '0'),
(1703, 11, '113', '0'),
(1704, 11, '114', '0'),
(1705, 11, '115', '0'),
(1706, 11, '116', '0'),
(1707, 11, '117', '0'),
(1708, 11, '118', '0'),
(1709, 11, '119', '0'),
(1710, 11, '120', '0'),
(1711, 11, '121', '0'),
(1712, 11, '122', '0'),
(1713, 11, '123', '0'),
(1714, 11, '124', '0'),
(1715, 11, '125', '0'),
(1716, 11, '126', '0'),
(1717, 11, '127', '0'),
(1718, 11, '128', '0'),
(1719, 11, '129', '0'),
(1720, 11, '130', '0'),
(1721, 11, '131', '0'),
(1722, 11, '132', '0'),
(1723, 11, '133', '0'),
(1724, 11, '134', '0'),
(1725, 11, '135', '0'),
(1726, 11, '136', '0'),
(1727, 11, '137', '0'),
(1728, 11, '138', '0'),
(1729, 11, '139', '0'),
(1730, 11, '140', '0'),
(1731, 11, '141', '0'),
(1732, 11, '142', '0'),
(1733, 11, '143', '0'),
(1734, 11, '144', '0'),
(1735, 11, '145', '0'),
(1736, 11, '146', '0'),
(1737, 11, '147', '0'),
(1738, 11, '148', '0'),
(1739, 11, '149', '0'),
(1740, 11, '150', '0'),
(1741, 11, '151', '0'),
(1742, 11, '152', '0'),
(1743, 11, '153', '0'),
(1744, 11, '154', '0'),
(1745, 11, '155', '0'),
(1746, 11, '156', '0'),
(1747, 11, '157', '0'),
(1748, 11, '158', '0'),
(1749, 11, '159', '0'),
(1750, 11, '160', '0'),
(1751, 11, '161', '0'),
(1752, 11, '162', '0'),
(1753, 11, '163', '0'),
(1754, 11, '164', '0'),
(1755, 11, '165', '0'),
(1756, 11, '166', '0'),
(1757, 11, '167', '0'),
(1758, 11, '168', '0'),
(1759, 11, '169', '0'),
(1760, 11, '170', '0'),
(1761, 11, '171', '0'),
(1762, 11, '172', '0'),
(1763, 11, '173', '0'),
(1764, 11, '174', '0'),
(1765, 11, '175', '0'),
(1766, 11, '176', '0'),
(1767, 11, '177', '0'),
(1768, 11, '178', '0'),
(1769, 11, '179', '0'),
(1770, 11, '180', '0'),
(1771, 11, '181', '0'),
(1772, 11, '182', '0'),
(1773, 11, '183', '0'),
(1774, 11, '184', '0'),
(1775, 11, '185', '0'),
(1776, 11, '186', '0'),
(1777, 11, '187', '0'),
(1778, 11, '188', '0'),
(1779, 11, '189', '0'),
(1780, 11, '190', '0'),
(1781, 11, '191', '0'),
(1782, 11, '192', '0'),
(1783, 11, '193', '0'),
(1784, 11, '194', '0'),
(1785, 11, '195', '0'),
(1786, 11, '196', '0'),
(1787, 11, '197', '0'),
(1788, 11, '198', '0'),
(1789, 11, '199', '0'),
(1790, 11, '200', '0'),
(1791, 11, '201', '0'),
(1792, 11, '202', '0'),
(1793, 11, '203', '0'),
(1794, 11, '204', '0'),
(1795, 11, '205', '0'),
(1796, 11, '206', '0'),
(1797, 11, '207', '0'),
(1798, 11, '208', '0'),
(1799, 11, '209', '0'),
(1800, 11, '210', '0'),
(1801, 11, '211', '0'),
(1802, 11, '212', '0'),
(1803, 11, '213', '0'),
(1804, 11, '214', '0'),
(1805, 11, '215', '0'),
(1806, 11, '216', '0'),
(1807, 11, '217', '0'),
(1808, 11, '218', '0'),
(1809, 11, '219', '0'),
(1810, 11, '220', '0'),
(1811, 11, '221', '0'),
(1812, 11, '222', '0'),
(1813, 11, '223', '0'),
(1814, 11, '224', '0'),
(1815, 11, '225', '0'),
(1816, 11, '226', '0'),
(1817, 11, '227', '0'),
(1818, 11, '228', '0'),
(1819, 11, '229', '0'),
(1820, 11, '230', '0'),
(1821, 11, '231', '0'),
(1822, 11, '232', '0'),
(1823, 11, '233', '0'),
(1824, 11, '234', '0'),
(1825, 11, '235', '0'),
(1826, 11, '236', '0'),
(1827, 11, '237', '0'),
(1828, 11, '238', '0'),
(1829, 11, '239', '0'),
(1830, 11, '240', '0'),
(1831, 11, '241', '0'),
(1832, 11, '242', '0'),
(1833, 11, '243', '0'),
(1834, 11, '244', '0'),
(1835, 11, '245', '0'),
(1836, 11, '246', '0'),
(1837, 11, '247', '0'),
(1838, 11, '248', '0'),
(1839, 11, '249', '0'),
(1840, 11, '250', '0'),
(1841, 11, '251', '0'),
(1842, 11, '252', '0'),
(1843, 11, '253', '0'),
(1844, 11, '254', '0'),
(1845, 11, '255', '0'),
(1846, 11, '256', '0'),
(1847, 11, '257', '0'),
(1848, 11, '258', '0'),
(1849, 11, '259', '0'),
(1850, 11, '260', '0'),
(1851, 11, '261', '0'),
(1852, 11, '262', '0'),
(1853, 11, '263', '0'),
(1854, 11, '264', '0'),
(1855, 11, '265', '0'),
(1856, 11, '266', '0'),
(1857, 11, '267', '0'),
(1858, 11, '268', '0'),
(1859, 11, '269', '0'),
(1860, 11, '270', '0'),
(1861, 11, '271', '0'),
(1862, 11, '272', '0'),
(1863, 11, '273', '0'),
(1864, 11, '274', '0'),
(1865, 11, '275', '0'),
(1866, 11, '276', '0'),
(1867, 11, '277', '0'),
(1868, 11, '278', '0'),
(1869, 11, '279', '0'),
(1870, 11, '280', '0'),
(1871, 11, '281', '0'),
(1872, 11, '282', '0'),
(1873, 11, '283', '0'),
(1874, 11, '284', '0'),
(1875, 11, '285', '0'),
(1876, 11, '286', '0'),
(1877, 11, '287', '0'),
(1878, 11, '288', '0'),
(1879, 11, '289', '0'),
(1880, 11, '290', '0'),
(1881, 11, '291', '0'),
(1882, 11, '292', '0'),
(1883, 11, '293', '0'),
(1884, 11, '294', '0'),
(1885, 11, '295', '0'),
(1886, 11, '296', '0'),
(1887, 11, '297', '0'),
(1888, 11, '298', '0'),
(1889, 11, '299', '0'),
(1890, 11, '300', '0'),
(1891, 11, '301', '0'),
(1892, 11, '302', '0'),
(1893, 11, '303', '0'),
(1894, 11, '304', '0'),
(1895, 11, '305', '0'),
(1896, 11, '306', '0'),
(1897, 11, '307', '0'),
(1898, 11, '308', '0'),
(1899, 11, '309', '0'),
(1900, 11, '310', '0'),
(1901, 11, '311', '0'),
(1902, 11, '312', '0'),
(1903, 11, '313', '0'),
(1904, 11, '314', '0'),
(1905, 11, '315', '0'),
(1906, 11, '316', '0'),
(1907, 11, '317', '0'),
(1908, 11, '318', '0'),
(1909, 11, '319', '0'),
(1910, 11, '320', '0'),
(1911, 11, '321', '0'),
(1912, 11, '322', '0'),
(1913, 11, '323', '0'),
(1914, 11, '324', '0'),
(1915, 11, '325', '0'),
(1916, 11, '326', '0'),
(1917, 11, '327', '0'),
(1918, 11, '328', '0'),
(1919, 11, '329', '0'),
(1920, 11, '330', '0'),
(1921, 11, '331', '0'),
(1922, 11, '332', '0'),
(1923, 11, '333', '0'),
(1924, 11, '334', '0'),
(1925, 11, '335', '0'),
(1926, 11, '336', '0'),
(1927, 11, '337', '0'),
(1928, 11, '338', '0'),
(1929, 11, '339', '0'),
(1930, 11, '340', '0'),
(1931, 11, '341', '0'),
(1932, 11, '342', '0'),
(1933, 11, '343', '0'),
(1934, 11, '344', '0'),
(1935, 11, '345', '0'),
(1936, 11, '346', '0'),
(1937, 11, '347', '0'),
(1938, 11, '348', '0'),
(1939, 11, '349', '0'),
(1940, 11, '350', '0'),
(1941, 11, '351', '0'),
(1942, 11, '352', '0'),
(1943, 11, '353', '0'),
(1944, 11, '354', '0'),
(1945, 11, '355', '0'),
(1946, 11, '356', '0'),
(1947, 11, '357', '0'),
(1948, 11, '358', '0'),
(1949, 11, '359', '0'),
(1950, 11, '360', '0'),
(1951, 11, '361', '0'),
(1952, 11, '362', '0'),
(1953, 11, '363', '0'),
(1954, 11, '364', '0'),
(1955, 11, '365', '0'),
(1956, 11, '366', '0'),
(1957, 11, '367', '0'),
(1958, 11, '368', '0'),
(1959, 11, '369', '0'),
(1960, 11, '370', '0'),
(1961, 11, '371', '0'),
(1962, 11, '372', '0'),
(1963, 11, '373', '0'),
(1964, 11, '374', '0'),
(1965, 11, '375', '0'),
(1966, 11, '376', '0'),
(1967, 11, '377', '0'),
(1968, 11, '378', '0'),
(1969, 11, '379', '0'),
(1970, 11, '380', '0'),
(1971, 11, '381', '0'),
(1972, 11, '382', '0'),
(1973, 11, '383', '0'),
(1974, 11, '384', '0'),
(1975, 11, '385', '0'),
(1976, 11, '386', '0'),
(1977, 11, '387', '0'),
(1978, 11, '388', '0'),
(1979, 11, '389', '0'),
(1980, 11, '390', '0'),
(1981, 11, '391', '0'),
(1982, 11, '392', '0'),
(1983, 11, '393', '0'),
(1984, 11, '394', '0'),
(1985, 11, '395', '0'),
(1986, 11, '396', '0'),
(1987, 11, '397', '0'),
(1988, 11, '398', '0'),
(1989, 11, '399', '0'),
(1990, 11, '400', '0'),
(1991, 11, '401', '0'),
(1992, 11, '402', '0'),
(1993, 11, '403', '0'),
(1994, 11, '404', '0'),
(1995, 11, '405', '0'),
(1996, 11, '406', '0'),
(1997, 11, '407', '0'),
(1998, 11, '408', '0'),
(1999, 11, '409', '0'),
(2000, 11, '410', '0'),
(2001, 11, '411', '0'),
(2002, 11, '412', '0'),
(2003, 11, '413', '0'),
(2004, 11, '414', '0'),
(2005, 11, '415', '0'),
(2006, 11, '416', '0'),
(2007, 11, '417', '0'),
(2008, 11, '418', '0'),
(2009, 11, '419', '0'),
(2010, 11, '420', '0'),
(2011, 11, '421', '0'),
(2012, 11, '422', '0'),
(2013, 11, '423', '0'),
(2014, 11, '424', '0'),
(2015, 11, '425', '0'),
(2016, 11, '426', '0'),
(2017, 11, '427', '0'),
(2018, 11, '428', '0'),
(2019, 11, '429', '0'),
(2020, 11, '430', '0'),
(2021, 11, '431', '0'),
(2022, 11, '432', '0'),
(2023, 11, '433', '0'),
(2024, 11, '434', '0'),
(2025, 11, '435', '0'),
(2026, 11, '436', '0'),
(2027, 11, '437', '0'),
(2028, 11, '438', '0'),
(2029, 11, '439', '0'),
(2030, 11, '440', '0'),
(2031, 11, '441', '0'),
(2032, 11, '442', '0'),
(2033, 11, '443', '0'),
(2034, 11, '444', '0'),
(2035, 11, '445', '0'),
(2036, 11, '446', '0'),
(2037, 11, '447', '0'),
(2038, 11, '448', '0'),
(2039, 11, '449', '0'),
(2040, 11, '450', '0'),
(2041, 11, '451', '0'),
(2042, 11, '452', '0'),
(2043, 11, '453', '0'),
(2044, 11, '454', '0'),
(2045, 11, '455', '0'),
(2046, 11, '456', '0'),
(2047, 11, '457', '0'),
(2048, 11, '458', '0'),
(2049, 11, '459', '0'),
(2050, 11, '460', '0'),
(2051, 11, '461', '0'),
(2052, 11, '462', '0'),
(2053, 11, '463', '0'),
(2054, 11, '464', '0'),
(2055, 11, '465', '0'),
(2056, 11, '466', '0'),
(2057, 11, '467', '0'),
(2058, 11, '468', '0'),
(2059, 11, '469', '0'),
(2060, 11, '470', '0'),
(2061, 11, '471', '0'),
(2062, 11, '472', '0'),
(2063, 11, '473', '0'),
(2064, 11, '474', '0'),
(2065, 11, '475', '0'),
(2066, 11, '476', '0'),
(2067, 11, '477', '0'),
(2068, 11, '478', '0'),
(2069, 11, '479', '0'),
(2070, 11, '480', '0'),
(2071, 11, '481', '0'),
(2072, 11, '482', '0'),
(2073, 11, '483', '0'),
(2074, 11, '484', '0'),
(2075, 11, '485', '0'),
(2076, 11, '486', '0'),
(2077, 11, '487', '0'),
(2078, 11, '488', '0'),
(2079, 11, '489', '0'),
(2080, 11, '490', '0'),
(2081, 11, '491', '0'),
(2082, 11, '492', '0'),
(2083, 11, '493', '0'),
(2084, 11, '494', '0'),
(2085, 11, '495', '0'),
(2086, 11, '496', '0'),
(2087, 11, '497', '0'),
(2088, 11, '498', '0'),
(2089, 11, '499', '0'),
(2090, 11, '500', '0'),
(2091, 11, '501', '0'),
(2092, 11, '502', '0'),
(2093, 11, '503', '0'),
(2094, 11, '504', '0'),
(2095, 11, '505', '0'),
(2096, 11, '506', '0'),
(2097, 11, '507', '0'),
(2098, 11, '508', '0'),
(2099, 11, '509', '0'),
(2100, 11, '510', '0'),
(2101, 11, '511', '0'),
(2102, 11, '512', '0'),
(2103, 11, '513', '0'),
(2104, 11, '514', '0'),
(2105, 11, '515', '0'),
(2106, 11, '516', '0'),
(2107, 11, '517', '0'),
(2108, 11, '518', '0'),
(2109, 11, '519', '0'),
(2110, 11, '520', '0'),
(2111, 11, '521', '0'),
(2112, 11, '522', '0'),
(2113, 11, '523', '0'),
(2114, 11, '524', '0'),
(2115, 11, '525', '0'),
(2116, 11, '526', '0'),
(2117, 11, '527', '0'),
(2118, 11, '528', '0'),
(2119, 11, '529', '0'),
(2120, 11, '530', '0'),
(2121, 11, '531', '0'),
(2122, 11, '532', '0'),
(2123, 11, '533', '0'),
(2124, 11, '534', '0'),
(2125, 11, '535', '0'),
(2126, 11, '536', '0'),
(2127, 11, '537', '0'),
(2128, 11, '538', '0'),
(2129, 11, '539', '0'),
(2130, 11, '540', '0'),
(2131, 11, '541', '0'),
(2132, 11, '542', '0'),
(2133, 11, '543', '0'),
(2134, 11, '544', '0'),
(2135, 11, '545', '0'),
(2136, 11, '546', '0'),
(2137, 11, '547', '0'),
(2138, 11, '548', '0'),
(2139, 11, '549', '0'),
(2140, 11, '550', '0'),
(2141, 11, '551', '0'),
(2142, 11, '552', '0'),
(2143, 11, '553', '0'),
(2144, 11, '554', '0'),
(2145, 11, '555', '0'),
(2146, 11, '556', '0'),
(2147, 11, '557', '0'),
(2148, 11, '558', '0'),
(2149, 11, '559', '0'),
(2150, 11, '560', '0'),
(2151, 11, '561', '0'),
(2152, 11, '562', '0'),
(2153, 11, '563', '0'),
(2154, 11, '564', '0'),
(2155, 11, '565', '0'),
(2156, 11, '566', '0'),
(2157, 11, '567', '0'),
(2158, 11, '568', '0'),
(2159, 11, '569', '0'),
(2160, 11, '570', '0'),
(2161, 11, '571', '0'),
(2162, 11, '572', '0'),
(2163, 11, '573', '0'),
(2164, 11, '574', '0'),
(2165, 11, '575', '0'),
(2166, 11, '576', '0'),
(2167, 11, '577', '0'),
(2168, 11, '578', '0'),
(2169, 11, '579', '0'),
(2170, 11, '580', '0'),
(2171, 11, '581', '0'),
(2172, 11, '582', '0'),
(2173, 11, '583', '0'),
(2174, 11, '584', '0'),
(2175, 11, '585', '0'),
(2176, 11, '586', '0'),
(2177, 11, '587', '0'),
(2178, 11, '588', '0'),
(2179, 11, '589', '0'),
(2180, 11, '590', '0'),
(2181, 11, '591', '0'),
(2182, 11, '592', '0'),
(2183, 11, '593', '0'),
(2184, 11, '594', '0'),
(2185, 11, '595', '0'),
(2186, 11, '596', '0'),
(2187, 11, '597', '0'),
(2188, 11, '598', '0'),
(2189, 11, '599', '0'),
(2190, 11, '600', '0'),
(2191, 11, '601', '0'),
(2192, 11, '602', '0'),
(2193, 11, '603', '0'),
(2194, 11, '604', '0'),
(2195, 11, '605', '0'),
(2196, 11, '606', '0'),
(2197, 11, '607', '0'),
(2198, 11, '608', '0'),
(2199, 11, '609', '0'),
(2200, 11, '610', '0'),
(2201, 11, '611', '0'),
(2202, 11, '612', '0'),
(2203, 11, '613', '0'),
(2204, 11, '614', '0'),
(2205, 11, '615', '0'),
(2206, 11, '616', '0'),
(2207, 11, '617', '0'),
(2208, 11, '618', '0'),
(2209, 11, '619', '0'),
(2210, 11, '620', '0'),
(2211, 11, '621', '0'),
(2212, 11, '622', '0'),
(2213, 11, '623', '0'),
(2214, 11, '624', '0'),
(2215, 11, '625', '0'),
(2216, 11, '626', '0'),
(2217, 11, '627', '0'),
(2218, 11, '628', '0'),
(2219, 11, '629', '0'),
(2220, 11, '630', '0'),
(2221, 11, '631', '0'),
(2222, 11, '632', '0'),
(2223, 11, '633', '0'),
(2224, 11, '634', '0'),
(2225, 11, '635', '0'),
(2226, 11, '636', '0'),
(2227, 11, '637', '0'),
(2228, 11, '638', '0'),
(2229, 11, '639', '0'),
(2230, 11, '640', '0'),
(2231, 11, '641', '0'),
(2232, 11, '642', '0'),
(2233, 11, '643', '0'),
(2234, 11, '644', '0'),
(2235, 11, '645', '0'),
(2236, 11, '646', '0'),
(2237, 11, '647', '0'),
(2238, 11, '648', '0'),
(2239, 11, '649', '0'),
(2240, 11, '650', '0'),
(2241, 11, '651', '0'),
(2242, 11, '652', '0'),
(2243, 11, '653', '0'),
(2244, 11, '654', '0'),
(2245, 11, '655', '0'),
(2246, 11, '656', '0'),
(2247, 11, '657', '0'),
(2248, 11, '658', '0'),
(2249, 11, '659', '0'),
(2250, 11, '660', '0'),
(2251, 11, '661', '0'),
(2252, 11, '662', '0'),
(2253, 11, '663', '0'),
(2254, 11, '664', '0'),
(2255, 11, '665', '0'),
(2256, 11, '666', '0'),
(2257, 11, '667', '0'),
(2258, 11, '668', '0'),
(2259, 11, '669', '0'),
(2260, 11, '670', '0'),
(2261, 11, '671', '0'),
(2262, 11, '672', '0'),
(2263, 11, '673', '0'),
(2264, 11, '674', '0'),
(2265, 11, '675', '0'),
(2266, 11, '676', '0'),
(2267, 11, '677', '0'),
(2268, 11, '678', '0'),
(2269, 11, '679', '0'),
(2270, 11, '680', '0'),
(2271, 11, '681', '0'),
(2272, 11, '682', '0'),
(2273, 11, '683', '0'),
(2274, 11, '684', '0'),
(2275, 11, '685', '0'),
(2276, 11, '686', '0'),
(2277, 11, '687', '0'),
(2278, 11, '688', '0'),
(2279, 11, '689', '0'),
(2280, 11, '690', '0'),
(2281, 11, '691', '0'),
(2282, 11, '692', '0'),
(2283, 11, '693', '0'),
(2284, 11, '694', '0'),
(2285, 11, '695', '0'),
(2286, 11, '696', '0'),
(2287, 11, '697', '0'),
(2288, 11, '698', '0'),
(2289, 11, '699', '0'),
(2290, 11, '700', '0'),
(2291, 11, '701', '0'),
(2292, 11, '702', '0'),
(2293, 11, '703', '0'),
(2294, 11, '704', '0'),
(2295, 11, '705', '0'),
(2296, 11, '706', '0'),
(2297, 11, '707', '0'),
(2298, 11, '708', '0'),
(2299, 11, '709', '0'),
(2300, 11, '710', '0'),
(2301, 11, '711', '0'),
(2302, 11, '712', '0'),
(2303, 11, '713', '0'),
(2304, 11, '714', '0'),
(2305, 11, '715', '0'),
(2306, 11, '716', '0'),
(2307, 11, '717', '0'),
(2308, 11, '718', '0'),
(2309, 11, '719', '0'),
(2310, 11, '720', '0'),
(2311, 11, '721', '0'),
(2312, 11, '722', '0'),
(2313, 11, '723', '0'),
(2314, 11, '724', '0'),
(2315, 11, '725', '0'),
(2316, 11, '726', '0'),
(2317, 11, '727', '0'),
(2318, 11, '728', '0'),
(2319, 11, '729', '0'),
(2320, 11, '730', '0'),
(2321, 11, '731', '0'),
(2322, 11, '732', '0'),
(2323, 11, '733', '0'),
(2324, 11, '734', '0'),
(2325, 11, '735', '0'),
(2326, 11, '736', '0'),
(2327, 11, '737', '0'),
(2328, 11, '738', '0'),
(2329, 11, '739', '0'),
(2330, 11, '740', '0'),
(2331, 11, '741', '0'),
(2332, 11, '742', '0'),
(2333, 11, '743', '0'),
(2334, 11, '744', '0'),
(2335, 11, '745', '0'),
(2336, 11, '746', '0'),
(2337, 11, '747', '0'),
(2338, 11, '748', '0'),
(2339, 11, '749', '0'),
(2340, 11, '750', '0'),
(2341, 11, '751', '0'),
(2342, 11, '752', '0'),
(2343, 11, '753', '0'),
(2344, 11, '754', '0'),
(2345, 11, '755', '0'),
(2346, 11, '756', '0'),
(2347, 11, '757', '0'),
(2348, 11, '758', '0'),
(2349, 11, '759', '0'),
(2350, 11, '760', '0'),
(2351, 11, '761', '0'),
(2352, 11, '762', '0'),
(2353, 11, '763', '0'),
(2354, 11, '764', '0'),
(2355, 11, '765', '0'),
(2356, 11, '766', '0'),
(2357, 11, '767', '0'),
(2358, 11, '768', '0'),
(2359, 11, '769', '0'),
(2360, 11, '770', '0'),
(2361, 11, '771', '0'),
(2362, 11, '772', '0'),
(2363, 11, '773', '0'),
(2364, 11, '774', '0'),
(2365, 11, '775', '0'),
(2366, 11, '776', '0'),
(2367, 11, '777', '0'),
(2368, 11, '778', '0'),
(2369, 11, '779', '0'),
(2370, 11, '780', '0'),
(2371, 11, '781', '0'),
(2372, 11, '782', '0'),
(2373, 11, '783', '0'),
(2374, 11, '784', '0'),
(2375, 11, '785', '0'),
(2376, 11, '786', '0'),
(2377, 11, '787', '0'),
(2378, 11, '788', '0'),
(2379, 11, '789', '0'),
(2380, 11, '790', '0'),
(2381, 11, '791', '0'),
(2382, 11, '792', '0'),
(2383, 11, '793', '0'),
(2384, 11, '794', '0'),
(2385, 11, '795', '0'),
(2386, 11, '796', '0'),
(2387, 11, '797', '0'),
(2388, 11, '798', '0'),
(2389, 11, '799', '0'),
(2390, 11, '800', '0'),
(2391, 11, '801', '0'),
(2392, 11, '802', '0'),
(2393, 11, '803', '0'),
(2394, 11, '804', '0'),
(2395, 11, '805', '0'),
(2396, 11, '806', '0'),
(2397, 11, '807', '0'),
(2398, 11, '808', '0'),
(2399, 11, '809', '0'),
(2400, 11, '810', '0'),
(2401, 11, '811', '0'),
(2402, 11, '812', '0'),
(2403, 11, '813', '0'),
(2404, 11, '814', '0'),
(2405, 11, '815', '0'),
(2406, 11, '816', '0'),
(2407, 11, '817', '0'),
(2408, 11, '818', '0'),
(2409, 11, '819', '0'),
(2410, 11, '820', '0'),
(2411, 11, '821', '0'),
(2412, 11, '822', '0'),
(2413, 11, '823', '0'),
(2414, 11, '824', '0'),
(2415, 11, '825', '0'),
(2416, 11, '826', '0'),
(2417, 11, '827', '0'),
(2418, 11, '828', '0'),
(2419, 11, '829', '0'),
(2420, 11, '830', '0'),
(2421, 11, '831', '0'),
(2422, 11, '832', '0'),
(2423, 11, '833', '0'),
(2424, 11, '834', '0'),
(2425, 11, '835', '0'),
(2426, 11, '836', '0'),
(2427, 11, '837', '0'),
(2428, 11, '838', '0'),
(2429, 11, '839', '0'),
(2430, 11, '840', '0'),
(2431, 11, '841', '0'),
(2432, 11, '842', '0'),
(2433, 11, '843', '0'),
(2434, 11, '844', '0'),
(2435, 11, '845', '0'),
(2436, 11, '846', '0'),
(2437, 11, '847', '0'),
(2438, 11, '848', '0'),
(2439, 11, '849', '0'),
(2440, 11, '850', '0'),
(2441, 11, '851', '0'),
(2442, 11, '852', '0'),
(2443, 11, '853', '0'),
(2444, 11, '854', '0'),
(2445, 11, '855', '0'),
(2446, 11, '856', '0'),
(2447, 11, '857', '0'),
(2448, 11, '858', '0'),
(2449, 11, '859', '0'),
(2450, 11, '860', '0'),
(2451, 11, '861', '0'),
(2452, 11, '862', '0'),
(2453, 11, '863', '0'),
(2454, 11, '864', '0'),
(2455, 11, '865', '0'),
(2456, 11, '866', '0'),
(2457, 11, '867', '0'),
(2458, 11, '868', '0'),
(2459, 11, '869', '0'),
(2460, 11, '870', '0'),
(2461, 11, '871', '0'),
(2462, 11, '872', '0'),
(2463, 11, '873', '0'),
(2464, 11, '874', '0'),
(2465, 11, '875', '0'),
(2466, 11, '876', '0'),
(2467, 11, '877', '0'),
(2468, 11, '878', '0'),
(2469, 11, '879', '0'),
(2470, 11, '880', '0'),
(2471, 11, '881', '0'),
(2472, 11, '882', '0'),
(2473, 11, '883', '0'),
(2474, 11, '884', '0'),
(2475, 11, '885', '0'),
(2476, 11, '886', '0'),
(2477, 11, '887', '0'),
(2478, 11, '888', '0'),
(2479, 11, '889', '0'),
(2480, 11, '890', '0'),
(2481, 11, '891', '0'),
(2482, 11, '892', '0'),
(2483, 11, '893', '0'),
(2484, 11, '894', '0'),
(2485, 11, '895', '0'),
(2486, 11, '896', '0'),
(2487, 11, '897', '0'),
(2488, 11, '898', '0'),
(2489, 11, '899', '0'),
(2490, 11, '900', '0'),
(2491, 11, '901', '0'),
(2492, 11, '902', '0'),
(2493, 11, '903', '0'),
(2494, 11, '904', '0'),
(2495, 11, '905', '0'),
(2496, 11, '906', '0'),
(2497, 11, '907', '0'),
(2498, 11, '908', '0'),
(2499, 11, '909', '0'),
(2500, 11, '910', '0'),
(2501, 11, '911', '0'),
(2502, 11, '912', '0'),
(2503, 11, '913', '0'),
(2504, 11, '914', '0'),
(2505, 11, '915', '0'),
(2506, 11, '916', '0'),
(2507, 11, '917', '0'),
(2508, 11, '918', '0'),
(2509, 11, '919', '0'),
(2510, 11, '920', '0'),
(2511, 11, '921', '0'),
(2512, 11, '922', '0'),
(2513, 11, '923', '0'),
(2514, 11, '924', '0'),
(2515, 11, '925', '0'),
(2516, 11, '926', '0'),
(2517, 11, '927', '0'),
(2518, 11, '928', '0'),
(2519, 11, '929', '0'),
(2520, 11, '930', '0'),
(2521, 11, '931', '0'),
(2522, 11, '932', '0'),
(2523, 11, '933', '0'),
(2524, 11, '934', '0'),
(2525, 11, '935', '0'),
(2526, 11, '936', '0'),
(2527, 11, '937', '0'),
(2528, 11, '938', '0'),
(2529, 11, '939', '0'),
(2530, 11, '940', '0'),
(2531, 11, '941', '0'),
(2532, 11, '942', '0'),
(2533, 11, '943', '0'),
(2534, 11, '944', '0'),
(2535, 11, '945', '0'),
(2536, 11, '946', '0'),
(2537, 11, '947', '0'),
(2538, 11, '948', '0'),
(2539, 11, '949', '0'),
(2540, 11, '950', '0'),
(2541, 11, '951', '0'),
(2542, 11, '952', '0'),
(2543, 11, '953', '0'),
(2544, 11, '954', '0'),
(2545, 11, '955', '0'),
(2546, 11, '956', '0'),
(2547, 11, '957', '0'),
(2548, 11, '958', '0'),
(2549, 11, '959', '0'),
(2550, 11, '960', '0'),
(2551, 11, '961', '0'),
(2552, 11, '962', '0'),
(2553, 11, '963', '0'),
(2554, 11, '964', '0'),
(2555, 11, '965', '0'),
(2556, 11, '966', '0'),
(2557, 11, '967', '0'),
(2558, 11, '968', '0'),
(2559, 11, '969', '0'),
(2560, 11, '970', '0'),
(2561, 11, '971', '0'),
(2562, 11, '972', '0'),
(2563, 11, '973', '0'),
(2564, 11, '974', '0'),
(2565, 11, '975', '0'),
(2566, 11, '976', '0'),
(2567, 11, '977', '0'),
(2568, 11, '978', '0'),
(2569, 11, '979', '0'),
(2570, 11, '980', '0'),
(2571, 11, '981', '0'),
(2572, 11, '982', '0'),
(2573, 11, '983', '0'),
(2574, 11, '984', '0'),
(2575, 11, '985', '0'),
(2576, 11, '986', '0'),
(2577, 11, '987', '0'),
(2578, 11, '988', '0'),
(2579, 11, '989', '0'),
(2580, 11, '990', '0'),
(2581, 11, '991', '0'),
(2582, 11, '992', '0'),
(2583, 11, '993', '0'),
(2584, 11, '994', '0'),
(2585, 11, '995', '0'),
(2586, 11, '996', '0'),
(2587, 11, '997', '0'),
(2588, 11, '998', '0'),
(2589, 11, '999', '0'),
(2590, 11, '1000', '0'),
(2591, 11, '1001', '0'),
(2592, 11, '1002', '0'),
(2593, 11, '1003', '0'),
(2594, 11, '1004', '0'),
(2595, 11, '1005', '0'),
(2596, 11, '1006', '0'),
(2597, 11, '1007', '0'),
(2598, 11, '1008', '0'),
(2599, 11, '1009', '0'),
(2600, 11, '1010', '0'),
(2601, 11, '1011', '0'),
(2602, 11, '1012', '0'),
(2603, 11, '1013', '0'),
(2604, 11, '1014', '0'),
(2605, 11, '1015', '0'),
(2606, 11, '1016', '0'),
(2607, 11, '1017', '0'),
(2608, 11, '1018', '0'),
(2609, 11, '1019', '0'),
(2610, 11, '1020', '0'),
(2611, 11, '1021', '0'),
(2612, 11, '1022', '0'),
(2613, 11, '1023', '0'),
(2614, 11, '1024', '0'),
(2615, 11, '1025', '0'),
(2616, 11, '1026', '0'),
(2617, 11, '1027', '0'),
(2618, 11, '1028', '0'),
(2619, 11, '1029', '0'),
(2620, 11, '1030', '0'),
(2621, 11, '1031', '0'),
(2622, 11, '1032', '0'),
(2623, 11, '1033', '0'),
(2624, 11, '1034', '0'),
(2625, 11, '1035', '0'),
(2626, 11, '1036', '0'),
(2627, 11, '1037', '0'),
(2628, 11, '1038', '0'),
(2629, 11, '1039', '0'),
(2630, 11, '1040', '0'),
(2631, 11, '1041', '0'),
(2632, 11, '1042', '0'),
(2633, 11, '1043', '0'),
(2634, 11, '1044', '0'),
(2635, 11, '1045', '0'),
(2636, 11, '1046', '0'),
(2637, 11, '1047', '0'),
(2638, 11, '1048', '0'),
(2639, 11, '1049', '0'),
(2640, 11, '1050', '0'),
(2641, 11, '1051', '0'),
(2642, 11, '1052', '0'),
(2643, 11, '1053', '0'),
(2644, 11, '1054', '0'),
(2645, 11, '1055', '0'),
(2646, 11, '1056', '0'),
(2647, 11, '1057', '0'),
(2648, 11, '1058', '0'),
(2649, 11, '1059', '0'),
(2650, 11, '1060', '0'),
(2651, 11, '1061', '0'),
(2652, 11, '1062', '0'),
(2653, 11, '1063', '0'),
(2654, 11, '1064', '0'),
(2655, 11, '1065', '0'),
(2656, 11, '1066', '0'),
(2657, 11, '1067', '0'),
(2658, 11, '1068', '0'),
(2659, 11, '1069', '0'),
(2660, 11, '1070', '0'),
(2661, 11, '1071', '0'),
(2662, 11, '1072', '0'),
(2663, 11, '1073', '0'),
(2664, 11, '1074', '0'),
(2665, 11, '1075', '0'),
(2666, 11, '1076', '0'),
(2667, 11, '1077', '0'),
(2668, 11, '1078', '0'),
(2669, 11, '1079', '0'),
(2670, 11, '1080', '0'),
(2671, 11, '1081', '0'),
(2672, 11, '1082', '0'),
(2673, 11, '1083', '0'),
(2674, 11, '1084', '0'),
(2675, 11, '1085', '0'),
(2676, 11, '1086', '0'),
(2677, 11, '1087', '0'),
(2678, 11, '1088', '0'),
(2679, 11, '1089', '0'),
(2680, 11, '1090', '0'),
(2681, 11, '1091', '0'),
(2682, 11, '1092', '0'),
(2683, 11, '1093', '0'),
(2684, 11, '1094', '0'),
(2685, 11, '1095', '0'),
(2686, 11, '1096', '0'),
(2687, 11, '1097', '0'),
(2688, 11, '1098', '0'),
(2689, 11, '1099', '0'),
(2690, 11, '1100', '0'),
(2691, 11, '1101', '0'),
(2692, 11, '1102', '0'),
(2693, 11, '1103', '0'),
(2694, 11, '1104', '0'),
(2695, 11, '1105', '0'),
(2696, 11, '1106', '0'),
(2697, 11, '1107', '0'),
(2698, 11, '1108', '0'),
(2699, 11, '1109', '0'),
(2700, 11, '1110', '0'),
(2701, 11, '1111', '0'),
(2702, 11, '1112', '0'),
(2703, 11, '1113', '0'),
(2704, 11, '1114', '0'),
(2705, 11, '1115', '0'),
(2706, 11, '1116', '0'),
(2707, 11, '1117', '0'),
(2708, 11, '1118', '0'),
(2709, 11, '1119', '0'),
(2710, 11, '1120', '0'),
(2711, 11, '1121', '0'),
(2712, 11, '1122', '0'),
(2713, 11, '1123', '0'),
(2714, 11, '1124', '0'),
(2715, 11, '1125', '0'),
(2716, 11, '1126', '0'),
(2717, 11, '1127', '0'),
(2718, 11, '1128', '0'),
(2719, 11, '1129', '0'),
(2720, 11, '1130', '0'),
(2721, 11, '1131', '0'),
(2722, 11, '1132', '0'),
(2723, 11, '1133', '0'),
(2724, 11, '1134', '0'),
(2725, 11, '1135', '0'),
(2726, 11, '1136', '0'),
(2727, 11, '1137', '0'),
(2728, 11, '1138', '0'),
(2729, 11, '1139', '0'),
(2730, 11, '1140', '0'),
(2731, 11, '1141', '0'),
(2732, 11, '1142', '0'),
(2733, 11, '1143', '0'),
(2734, 11, '1144', '0'),
(2735, 11, '1145', '0'),
(2736, 11, '1146', '0'),
(2737, 11, '1147', '0'),
(2738, 11, '1148', '0'),
(2739, 11, '1149', '0'),
(2740, 11, '1150', '0'),
(2741, 11, '1151', '0'),
(2742, 11, '1152', '0'),
(2743, 11, '1153', '0'),
(2744, 11, '1154', '0'),
(2745, 11, '1155', '0'),
(2746, 11, '1156', '0'),
(2747, 11, '1157', '0'),
(2748, 11, '1158', '0'),
(2749, 11, '1159', '0'),
(2750, 11, '1160', '0'),
(2751, 11, '1161', '0'),
(2752, 11, '1162', '0'),
(2753, 11, '1163', '0'),
(2754, 11, '1164', '0'),
(2755, 11, '1165', '0'),
(2756, 11, '1166', '0'),
(2757, 11, '1167', '0'),
(2758, 11, '1168', '0'),
(2759, 11, '1169', '0'),
(2760, 11, '1170', '0'),
(2761, 11, '1171', '0'),
(2762, 11, '1172', '0'),
(2763, 11, '1173', '0'),
(2764, 11, '1174', '0'),
(2765, 11, '1175', '0'),
(2766, 11, '1176', '0'),
(2767, 11, '1177', '0'),
(2768, 11, '1178', '0'),
(2769, 11, '1179', '0'),
(2770, 11, '1180', '0'),
(2771, 11, '1181', '0'),
(2772, 11, '1182', '0'),
(2773, 11, '1183', '0'),
(2774, 11, '1184', '0'),
(2775, 11, '1185', '0'),
(2776, 11, '1186', '0'),
(2777, 11, '1187', '0'),
(2778, 11, '1188', '0'),
(2779, 11, '1189', '0'),
(2780, 11, '1190', '0'),
(2781, 11, '1191', '0'),
(2782, 11, '1192', '0'),
(2783, 11, '1193', '0'),
(2784, 11, '1194', '0'),
(2785, 11, '1195', '0'),
(2786, 11, '1196', '0'),
(2787, 11, '1197', '0'),
(2788, 11, '1198', '0'),
(2789, 11, '1199', '0'),
(2790, 11, '1200', '0'),
(2791, 11, '1201', '0'),
(2792, 11, '1202', '0'),
(2793, 11, '1203', '0'),
(2794, 11, '1204', '0'),
(2795, 11, '1205', '0'),
(2796, 11, '1206', '0'),
(2797, 11, '1207', '0'),
(2798, 11, '1208', '0'),
(2799, 11, '1209', '0'),
(2800, 11, '1210', '0'),
(2801, 11, '1211', '0'),
(2802, 11, '1212', '0'),
(2803, 11, '1213', '0'),
(2804, 11, '1214', '0'),
(2805, 11, '1215', '0'),
(2806, 11, '1216', '0'),
(2807, 11, '1217', '0'),
(2808, 11, '1218', '0'),
(2809, 11, '1219', '0'),
(2810, 11, '1220', '0'),
(2811, 11, '1221', '0'),
(2812, 11, '1222', '0'),
(2813, 11, '1223', '0'),
(2814, 11, '1224', '0'),
(2815, 11, '1225', '0'),
(2816, 11, '1226', '0'),
(2817, 11, '1227', '0'),
(2818, 11, '1228', '0'),
(2819, 11, '1229', '0');
INSERT INTO `parking spot` (`sid`, `pid`, `spotno`, `state`) VALUES
(2820, 11, '1230', '0'),
(2821, 11, '1231', '0'),
(2822, 11, '1232', '0'),
(2823, 11, '1233', '0'),
(2824, 11, '1234', '0'),
(2825, 11, '1235', '0'),
(2826, 11, '1236', '0'),
(2827, 11, '1237', '0'),
(2828, 11, '1238', '0'),
(2829, 11, '1239', '0'),
(2830, 11, '1240', '0'),
(2831, 11, '1241', '0'),
(2832, 11, '1242', '0'),
(2833, 11, '1243', '0'),
(2834, 11, '1244', '0'),
(2835, 11, '1245', '0'),
(2836, 11, '1246', '0'),
(2837, 11, '1247', '0'),
(2838, 11, '1248', '0'),
(2839, 11, '1249', '0'),
(2840, 11, '1250', '0'),
(2841, 11, '1251', '0'),
(2842, 11, '1252', '0'),
(2843, 11, '1253', '0'),
(2844, 11, '1254', '0'),
(2845, 11, '1255', '0'),
(2846, 11, '1256', '0'),
(2847, 11, '1257', '0'),
(2848, 11, '1258', '0'),
(2849, 11, '1259', '0'),
(2850, 11, '1260', '0'),
(2851, 11, '1261', '0'),
(2852, 11, '1262', '0'),
(2853, 11, '1263', '0'),
(2854, 11, '1264', '0'),
(2855, 11, '1265', '0'),
(2856, 11, '1266', '0'),
(2857, 11, '1267', '0'),
(2858, 11, '1268', '0'),
(2859, 11, '1269', '0'),
(2860, 11, '1270', '0'),
(2861, 11, '1271', '0'),
(2862, 11, '1272', '0'),
(2863, 11, '1273', '0'),
(2864, 11, '1274', '0'),
(2865, 11, '1275', '0'),
(2866, 11, '1276', '0'),
(2867, 11, '1277', '0'),
(2868, 11, '1278', '0'),
(2869, 11, '1279', '0'),
(2870, 11, '1280', '0'),
(2871, 11, '1281', '0'),
(2872, 11, '1282', '0'),
(2873, 11, '1283', '0'),
(2874, 11, '1284', '0'),
(2875, 11, '1285', '0'),
(2876, 11, '1286', '0'),
(2877, 11, '1287', '0'),
(2878, 11, '1288', '0'),
(2879, 11, '1289', '0'),
(2880, 11, '1290', '0'),
(2881, 11, '1291', '0'),
(2882, 11, '1292', '0'),
(2883, 11, '1293', '0'),
(2884, 11, '1294', '0'),
(2885, 11, '1295', '0'),
(2886, 11, '1296', '0'),
(2887, 11, '1297', '0'),
(2888, 11, '1298', '0'),
(2889, 11, '1299', '0'),
(2890, 11, '1300', '0'),
(2891, 11, '1301', '0'),
(2892, 11, '1302', '0'),
(2893, 11, '1303', '0'),
(2894, 11, '1304', '0'),
(2895, 11, '1305', '0'),
(2896, 11, '1306', '0'),
(2897, 11, '1307', '0'),
(2898, 11, '1308', '0'),
(2899, 11, '1309', '0'),
(2900, 11, '1310', '0'),
(2901, 11, '1311', '0'),
(2902, 11, '1312', '0'),
(2903, 11, '1313', '0'),
(2904, 11, '1314', '0'),
(2905, 11, '1315', '0'),
(2906, 11, '1316', '0'),
(2907, 11, '1317', '0'),
(2908, 11, '1318', '0'),
(2909, 11, '1319', '0'),
(2910, 11, '1320', '0'),
(2911, 11, '1321', '0'),
(2912, 11, '1322', '0'),
(2913, 11, '1323', '0'),
(2914, 11, '1324', '0'),
(2915, 11, '1325', '0'),
(2916, 11, '1326', '0'),
(2917, 11, '1327', '0'),
(2918, 11, '1328', '0'),
(2919, 11, '1329', '0'),
(2920, 11, '1330', '0'),
(2921, 11, '1331', '0'),
(2922, 11, '1332', '0'),
(2923, 11, '1333', '0'),
(2924, 11, '1334', '0'),
(2925, 11, '1335', '0'),
(2926, 11, '1336', '0'),
(2927, 11, '1337', '0'),
(2928, 11, '1338', '0'),
(2929, 11, '1339', '0'),
(2930, 11, '1340', '0'),
(2931, 11, '1341', '0'),
(2932, 11, '1342', '0'),
(2933, 11, '1343', '0'),
(2934, 11, '1344', '0'),
(2935, 11, '1345', '0'),
(2936, 11, '1346', '0'),
(2937, 11, '1347', '0'),
(2938, 11, '1348', '0'),
(2939, 11, '1349', '0'),
(2940, 11, '1350', '0'),
(2941, 11, '1351', '0'),
(2942, 11, '1352', '0'),
(2943, 11, '1353', '0'),
(2944, 11, '1354', '0'),
(2945, 11, '1355', '0'),
(2946, 11, '1356', '0'),
(2947, 11, '1357', '0'),
(2948, 11, '1358', '0'),
(2949, 11, '1359', '0'),
(2950, 11, '1360', '0'),
(2951, 11, '1361', '0'),
(2952, 11, '1362', '0'),
(2953, 11, '1363', '0'),
(2954, 11, '1364', '0'),
(2955, 11, '1365', '0'),
(2956, 11, '1366', '0'),
(2957, 11, '1367', '0'),
(2958, 11, '1368', '0'),
(2959, 11, '1369', '0'),
(2960, 11, '1370', '0'),
(2961, 11, '1371', '0'),
(2962, 11, '1372', '0'),
(2963, 11, '1373', '0'),
(2964, 11, '1374', '0'),
(2965, 11, '1375', '0'),
(2966, 11, '1376', '0'),
(2967, 11, '1377', '0'),
(2968, 11, '1378', '0'),
(2969, 11, '1379', '0'),
(2970, 11, '1380', '0'),
(2971, 11, '1381', '0'),
(2972, 11, '1382', '0'),
(2973, 11, '1383', '0'),
(2974, 11, '1384', '0'),
(2975, 11, '1385', '0'),
(2976, 11, '1386', '0'),
(2977, 11, '1387', '0'),
(2978, 11, '1388', '0');

-- --------------------------------------------------------

--
-- Table structure for table `payment`
--

CREATE TABLE `payment` (
  `tid` int(11) NOT NULL,
  `bid` int(11) NOT NULL,
  `amount` int(11) NOT NULL,
  `date` date NOT NULL,
  `time` varchar(10) NOT NULL
) ENGINE=InnoDB DEFAULT CHARSET=utf8mb4 COLLATE=utf8mb4_general_ci;

--
-- Dumping data for table `payment`
--

INSERT INTO `payment` (`tid`, `bid`, `amount`, `date`, `time`) VALUES
(17797694, 49, 40, '2023-08-05', '10:32'),
(18069684, 43, 25, '2023-08-03', '19:09'),
(27796391, 44, 20, '2023-08-03', '19:12'),
(53991991, 37, 20, '2023-08-03', '18:57'),
(68084951, 48, 126, '2023-08-04', '16:26'),
(69098430, 40, 70, '2023-08-03', '19:02'),
(69101654, 51, 12000, '2024-01-31', '18:53'),
(70402369, 50, 1825, '2023-10-03', '18:19'),
(72051035, 46, 35, '2023-08-04', '13:13'),
(79012763, 45, 121, '2023-08-03', '19:16'),
(79623802, 41, 35, '2023-08-03', '19:03'),
(86952906, 38, 20, '2023-08-03', '18:58'),
(88591115, 47, 35, '2023-08-04', '16:03');

-- --------------------------------------------------------

--
-- Table structure for table `role`
--

CREATE TABLE `role` (
  `roleid` int(11) NOT NULL,
  `role` varchar(10) NOT NULL
) ENGINE=InnoDB DEFAULT CHARSET=utf8mb4 COLLATE=utf8mb4_general_ci;

--
-- Dumping data for table `role`
--

INSERT INTO `role` (`roleid`, `role`) VALUES
(1, 'admin'),
(2, 'owner'),
(3, 'consumer');

-- --------------------------------------------------------

--
-- Table structure for table `route`
--

CREATE TABLE `route` (
  `spotno` int(11) NOT NULL,
  `route` varchar(100) NOT NULL
) ENGINE=InnoDB DEFAULT CHARSET=utf8mb4 COLLATE=utf8mb4_general_ci;

--
-- Dumping data for table `route`
--

INSERT INTO `route` (`spotno`, `route`) VALUES
(1, 'From entrance take right then 1st row, 5th spot'),
(2, 'From entrance take right then 1st row, 4th spot'),
(3, 'From entrance take right then 1st row, 3rd spot'),
(4, 'From entrance take right then 1st row, 2nd spot'),
(5, 'From entrance take right then 1st row, 1st spot'),
(6, 'From entrance take left then 1st row, 1st spot'),
(7, 'From entrance take left then 1st row, 2nd spot'),
(8, 'From entrance take left then 1st row, 3rd spot'),
(9, 'From entrance take left then 1st row, 4th spot'),
(10, 'From entrance take left then 1st row, 5th spot'),
(11, 'From entrance take right then 2nd row, 5th spot'),
(12, 'From entrance take right then 2nd row, 4th spot'),
(13, 'From entrance take right then 2nd row, 3rd spot'),
(14, 'From entrance take right then 2nd row, 2nd spot'),
(15, 'From entrance take right then 2nd row, 1st spot'),
(16, 'From entrance take left then 2nd row, 1st spot'),
(17, 'From entrance take left then 2nd row, 2nd spot'),
(18, 'From entrance take left then 2nd row, 3rd spot'),
(19, 'From entrance take left then 2nd row, 4th spot'),
(20, 'From entrance take left then 2nd row, 5th spot'),
(21, 'From entrance take right then 3rd row, 5th spot'),
(22, 'From entrance take right then 3rd row, 4th spot'),
(23, 'From entrance take right then 3rd row, 3rd spot'),
(24, 'From entrance take right then 3rd row, 2nd spot'),
(25, 'From entrance take right then 3rd row, 1st spot'),
(26, 'From entrance take left then 3rd row, 1st spot'),
(27, 'From entrance take left then 3rd row, 2nd spot'),
(28, 'From entrance take left then 3rd row, 3rd spot'),
(29, 'From entrance take left then 3rd row, 4th spot'),
(30, 'From entrance take left then 3rd row, 5th spot'),
(31, 'From entrance take right then 4th row, 5th spot'),
(32, 'From entrance take right then 4th row, 4th spot'),
(33, 'From entrance take right then 4th row, 3rd spot'),
(34, 'From entrance take right then 4th row, 2nd spot'),
(35, 'From entrance take right then 4th row, 1st spot'),
(36, 'From entrance take left then 4th row, 1st spot'),
(37, 'From entrance take left then 4th row, 2nd spot'),
(38, 'From entrance take left then 4th row, 3rd spot'),
(39, 'From entrance take left then 4th row, 4th spot'),
(40, 'From entrance take left then 4th row, 5th spot'),
(41, 'From entrance take right then 5th row, 5th spot'),
(42, 'From entrance take right then 5th row, 4th spot'),
(43, 'From entrance take right then 5th row, 3rd spot'),
(44, 'From entrance take right then 5th row, 2nd spot'),
(45, 'From entrance take right then 5th row, 1st spot'),
(46, 'From entrance take left then 5th row, 1st spot'),
(47, 'From entrance take left then 5th row, 2nd spot'),
(48, 'From entrance take left then 5th row, 3rd spot'),
(49, 'From entrance take left then 5th row, 4th spot'),
(50, 'From entrance take left then 5th row, 5th spot'),
(51, 'From entrance take right then 6th row, 5th spot'),
(52, 'From entrance take right then 6th row, 4th spot'),
(53, 'From entrance take right then 6th row, 3rd spot'),
(54, 'From entrance take right then 6th row, 2nd spot'),
(55, 'From entrance take right then 6th row, 1st spot'),
(56, 'From entrance take left then 6th row, 1st spot'),
(57, 'From entrance take left then 6th row, 2nd spot'),
(58, 'From entrance take left then 6th row, 3rd spot'),
(59, 'From entrance take left then 6th row, 4th spot'),
(60, 'From entrance take left then 6th row, 5th spot'),
(61, 'From entrance take right then 7th row, 5th spot'),
(62, 'From entrance take right then 7th row, 4th spot'),
(63, 'From entrance take right then 7th row, 3rd spot'),
(64, 'From entrance take right then 7th row, 2nd spot'),
(65, 'From entrance take right then 7th row, 1st spot'),
(66, 'From entrance take left then 7th row, 1st spot'),
(67, 'From entrance take left then 7th row, 2nd spot'),
(68, 'From entrance take left then 7th row, 3rd spot'),
(69, 'From entrance take left then 7th row, 4th spot'),
(70, 'From entrance take left then 7th row, 5th spot'),
(71, 'From entrance take right then 8th row, 5th spot'),
(72, 'From entrance take right then 8th row, 4th spot'),
(73, 'From entrance take right then 8th row, 3rd spot'),
(74, 'From entrance take right then 8th row, 2nd spot'),
(75, 'From entrance take right then 8th row, 1st spot'),
(76, 'From entrance take left then 8th row, 1st spot'),
(77, 'From entrance take left then 8th row, 2nd spot'),
(78, 'From entrance take left then 8th row, 3rd spot'),
(79, 'From entrance take left then 8th row, 4th spot'),
(80, 'From entrance take left then 8th row, 5th spot'),
(81, 'From entrance take right then 9th row, 5th spot'),
(82, 'From entrance take right then 9th row, 4th spot'),
(83, 'From entrance take right then 9th row, 3rd spot'),
(84, 'From entrance take right then 9th row, 2nd spot'),
(85, 'From entrance take right then 9th row, 1st spot'),
(86, 'From entrance take left then 9th row, 1st spot'),
(87, 'From entrance take left then 9th row, 2nd spot'),
(88, 'From entrance take left then 9th row, 3rd spot'),
(89, 'From entrance take left then 9th row, 4th spot'),
(90, 'From entrance take left then 9th row, 5th spot'),
(91, 'From entrance take right then 10th row, 5th spot'),
(92, 'From entrance take right then 10th row, 4th spot'),
(93, 'From entrance take right then 10th row, 3rd spot'),
(94, 'From entrance take right then 10th row, 2nd spot'),
(95, 'From entrance take right then 10th row, 1st spot'),
(96, 'From entrance take left then 10th row, 1st spot'),
(97, 'From entrance take left then 10th row, 2nd spot'),
(98, 'From entrance take left then 10th row, 3rd spot'),
(99, 'From entrance take left then 10th row, 4th spot'),
(100, 'From entrance take left then 10th row, 5th spot'),
(101, 'From entrance take right then 11th row, 5th spot'),
(102, 'From entrance take right then 11th row, 4th spot'),
(103, 'From entrance take right then 11th row, 3rd spot'),
(104, 'From entrance take right then 11th row, 2nd spot'),
(105, 'From entrance take right then 11th row, 1st spot'),
(106, 'From entrance take left then 11th row, 1st spot'),
(107, 'From entrance take left then 11th row, 2nd spot'),
(108, 'From entrance take left then 11th row, 3rd spot'),
(109, 'From entrance take left then 11th row, 4th spot'),
(110, 'From entrance take left then 11th row, 5th spot'),
(111, 'From entrance take right then 12th row, 5th spot'),
(112, 'From entrance take right then 12th row, 4th spot'),
(113, 'From entrance take right then 12th row, 3rd spot'),
(114, 'From entrance take right then 12th row, 2nd spot'),
(115, 'From entrance take right then 12th row, 1st spot'),
(116, 'From entrance take left then 12th row, 1st spot'),
(117, 'From entrance take left then 12th row, 2nd spot'),
(118, 'From entrance take left then 12th row, 3rd spot'),
(119, 'From entrance take left then 12th row, 4th spot'),
(120, 'From entrance take left then 12th row, 5th spot'),
(121, 'From entrance take right then 13th row, 5th spot'),
(122, 'From entrance take right then 13th row, 4th spot'),
(123, 'From entrance take right then 13th row, 3rd spot'),
(124, 'From entrance take right then 13th row, 2nd spot'),
(125, 'From entrance take right then 13th row, 1st spot'),
(126, 'From entrance take left then 13th row, 1st spot'),
(127, 'From entrance take left then 13th row, 2nd spot'),
(128, 'From entrance take left then 13th row, 3rd spot'),
(129, 'From entrance take left then 13th row, 4th spot'),
(130, 'From entrance take left then 13th row, 5th spot'),
(131, 'From entrance take right then 14th row, 5th spot'),
(132, 'From entrance take right then 14th row, 4th spot'),
(133, 'From entrance take right then 14th row, 3rd spot'),
(134, 'From entrance take right then 14th row, 2nd spot'),
(135, 'From entrance take right then 14th row, 1st spot'),
(136, 'From entrance take left then 14th row, 1st spot'),
(137, 'From entrance take left then 14th row, 2nd spot'),
(138, 'From entrance take left then 14th row, 3rd spot'),
(139, 'From entrance take left then 14th row, 4th spot'),
(140, 'From entrance take left then 14th row, 5th spot'),
(141, 'From entrance take right then 15th row, 5th spot'),
(142, 'From entrance take right then 15th row, 4th spot'),
(143, 'From entrance take right then 15th row, 3rd spot'),
(144, 'From entrance take right then 15th row, 2nd spot'),
(145, 'From entrance take right then 15th row, 1st spot'),
(146, 'From entrance take left then 15th row, 1st spot'),
(147, 'From entrance take left then 15th row, 2nd spot'),
(148, 'From entrance take left then 15th row, 3rd spot'),
(149, 'From entrance take left then 15th row, 4th spot'),
(150, 'From entrance take left then 15th row, 5th spot'),
(151, 'From entrance take right then 16th row, 5th spot'),
(152, 'From entrance take right then 16th row, 4th spot'),
(153, 'From entrance take right then 16th row, 3rd spot'),
(154, 'From entrance take right then 16th row, 2nd spot'),
(155, 'From entrance take right then 16th row, 1st spot'),
(156, 'From entrance take left then 16th row, 1st spot'),
(157, 'From entrance take left then 16th row, 2nd spot'),
(158, 'From entrance take left then 16th row, 3rd spot'),
(159, 'From entrance take left then 16th row, 4th spot'),
(160, 'From entrance take left then 16th row, 5th spot'),
(161, 'From entrance take right then 17th row, 5th spot'),
(162, 'From entrance take right then 17th row, 4th spot'),
(163, 'From entrance take right then 17th row, 3rd spot'),
(164, 'From entrance take right then 17th row, 2nd spot'),
(165, 'From entrance take right then 17th row, 1st spot'),
(166, 'From entrance take left then 17th row, 1st spot'),
(167, 'From entrance take left then 17th row, 2nd spot'),
(168, 'From entrance take left then 17th row, 3rd spot'),
(169, 'From entrance take left then 17th row, 4th spot'),
(170, 'From entrance take left then 17th row, 5th spot'),
(171, 'From entrance take right then 18th row, 5th spot'),
(172, 'From entrance take right then 18th row, 4th spot'),
(173, 'From entrance take right then 18th row, 3rd spot'),
(174, 'From entrance take right then 18th row, 2nd spot'),
(175, 'From entrance take right then 18th row, 1st spot'),
(176, 'From entrance take left then 18th row, 1st spot'),
(177, 'From entrance take left then 18th row, 2nd spot'),
(178, 'From entrance take left then 18th row, 3rd spot'),
(179, 'From entrance take left then 18th row, 4th spot'),
(180, 'From entrance take left then 18th row, 5th spot'),
(181, 'From entrance take right then 19th row, 5th spot'),
(182, 'From entrance take right then 19th row, 4th spot'),
(183, 'From entrance take right then 19th row, 3rd spot'),
(184, 'From entrance take right then 19th row, 2nd spot'),
(185, 'From entrance take right then 19th row, 1st spot'),
(186, 'From entrance take left then 19th row, 1st spot'),
(187, 'From entrance take left then 19th row, 2nd spot'),
(188, 'From entrance take left then 19th row, 3rd spot'),
(189, 'From entrance take left then 19th row, 4th spot'),
(190, 'From entrance take left then 19th row, 5th spot'),
(191, 'From entrance take right then 20th row, 5th spot'),
(192, 'From entrance take right then 20th row, 4th spot'),
(193, 'From entrance take right then 20th row, 3rd spot'),
(194, 'From entrance take right then 20th row, 2nd spot'),
(195, 'From entrance take right then 20th row, 1st spot'),
(196, 'From entrance take left then 20th row, 1st spot'),
(197, 'From entrance take left then 20th row, 2nd spot'),
(198, 'From entrance take left then 20th row, 3rd spot'),
(199, 'From entrance take left then 20th row, 4th spot'),
(200, 'From entrance take left then 20th row, 5th spot'),
(201, 'From entrance take right then 21th row, 5th spot'),
(202, 'From entrance take right then 21th row, 4th spot'),
(203, 'From entrance take right then 21th row, 3rd spot'),
(204, 'From entrance take right then 21th row, 2nd spot'),
(205, 'From entrance take right then 21th row, 1st spot'),
(206, 'From entrance take left then 21th row, 1st spot'),
(207, 'From entrance take left then 21th row, 2nd spot'),
(208, 'From entrance take left then 21th row, 3rd spot'),
(209, 'From entrance take left then 21th row, 4th spot'),
(210, 'From entrance take left then 21th row, 5th spot'),
(211, 'From entrance take right then 22th row, 5th spot'),
(212, 'From entrance take right then 22th row, 4th spot'),
(213, 'From entrance take right then 22th row, 3rd spot'),
(214, 'From entrance take right then 22th row, 2nd spot'),
(215, 'From entrance take right then 22th row, 1st spot'),
(216, 'From entrance take left then 22th row, 1st spot'),
(217, 'From entrance take left then 22th row, 2nd spot'),
(218, 'From entrance take left then 22th row, 3rd spot'),
(219, 'From entrance take left then 22th row, 4th spot'),
(220, 'From entrance take left then 22th row, 5th spot'),
(221, 'From entrance take right then 23th row, 5th spot'),
(222, 'From entrance take right then 23th row, 4th spot'),
(223, 'From entrance take right then 23th row, 3rd spot'),
(224, 'From entrance take right then 23th row, 2nd spot'),
(225, 'From entrance take right then 23th row, 1st spot'),
(226, 'From entrance take left then 23th row, 1st spot'),
(227, 'From entrance take left then 23th row, 2nd spot'),
(228, 'From entrance take left then 23th row, 3rd spot'),
(229, 'From entrance take left then 23th row, 4th spot'),
(230, 'From entrance take left then 23th row, 5th spot'),
(231, 'From entrance take right then 24th row, 5th spot'),
(232, 'From entrance take right then 24th row, 4th spot'),
(233, 'From entrance take right then 24th row, 3rd spot'),
(234, 'From entrance take right then 24th row, 2nd spot'),
(235, 'From entrance take right then 24th row, 1st spot'),
(236, 'From entrance take left then 24th row, 1st spot'),
(237, 'From entrance take left then 24th row, 2nd spot'),
(238, 'From entrance take left then 24th row, 3rd spot'),
(239, 'From entrance take left then 24th row, 4th spot'),
(240, 'From entrance take left then 24th row, 5th spot'),
(241, 'From entrance take right then 25th row, 5th spot'),
(242, 'From entrance take right then 25th row, 4th spot'),
(243, 'From entrance take right then 25th row, 3rd spot'),
(244, 'From entrance take right then 25th row, 2nd spot'),
(245, 'From entrance take right then 25th row, 1st spot'),
(246, 'From entrance take left then 25th row, 1st spot'),
(247, 'From entrance take left then 25th row, 2nd spot'),
(248, 'From entrance take left then 25th row, 3rd spot'),
(249, 'From entrance take left then 25th row, 4th spot'),
(250, 'From entrance take left then 25th row, 5th spot'),
(251, 'From entrance take right then 26th row, 5th spot'),
(252, 'From entrance take right then 26th row, 4th spot'),
(253, 'From entrance take right then 26th row, 3rd spot'),
(254, 'From entrance take right then 26th row, 2nd spot'),
(255, 'From entrance take right then 26th row, 1st spot'),
(256, 'From entrance take left then 26th row, 1st spot'),
(257, 'From entrance take left then 26th row, 2nd spot'),
(258, 'From entrance take left then 26th row, 3rd spot'),
(259, 'From entrance take left then 26th row, 4th spot'),
(260, 'From entrance take left then 26th row, 5th spot'),
(261, 'From entrance take right then 27th row, 5th spot'),
(262, 'From entrance take right then 27th row, 4th spot'),
(263, 'From entrance take right then 27th row, 3rd spot'),
(264, 'From entrance take right then 27th row, 2nd spot'),
(265, 'From entrance take right then 27th row, 1st spot'),
(266, 'From entrance take left then 27th row, 1st spot'),
(267, 'From entrance take left then 27th row, 2nd spot'),
(268, 'From entrance take left then 27th row, 3rd spot'),
(269, 'From entrance take left then 27th row, 4th spot'),
(270, 'From entrance take left then 27th row, 5th spot'),
(271, 'From entrance take right then 28th row, 5th spot'),
(272, 'From entrance take right then 28th row, 4th spot'),
(273, 'From entrance take right then 28th row, 3rd spot'),
(274, 'From entrance take right then 28th row, 2nd spot'),
(275, 'From entrance take right then 28th row, 1st spot'),
(276, 'From entrance take left then 28th row, 1st spot'),
(277, 'From entrance take left then 28th row, 2nd spot'),
(278, 'From entrance take left then 28th row, 3rd spot'),
(279, 'From entrance take left then 28th row, 4th spot'),
(280, 'From entrance take left then 28th row, 5th spot'),
(281, 'From entrance take right then 29th row, 5th spot'),
(282, 'From entrance take right then 29th row, 4th spot'),
(283, 'From entrance take right then 29th row, 3rd spot'),
(284, 'From entrance take right then 29th row, 2nd spot'),
(285, 'From entrance take right then 29th row, 1st spot'),
(286, 'From entrance take left then 29th row, 1st spot'),
(287, 'From entrance take left then 29th row, 2nd spot'),
(288, 'From entrance take left then 29th row, 3rd spot'),
(289, 'From entrance take left then 29th row, 4th spot'),
(290, 'From entrance take left then 29th row, 5th spot'),
(291, 'From entrance take right then 30th row, 5th spot'),
(292, 'From entrance take right then 30th row, 4th spot'),
(293, 'From entrance take right then 30th row, 3rd spot'),
(294, 'From entrance take right then 30th row, 2nd spot'),
(295, 'From entrance take right then 30th row, 1st spot'),
(296, 'From entrance take left then 30th row, 1st spot'),
(297, 'From entrance take left then 30th row, 2nd spot'),
(298, 'From entrance take left then 30th row, 3rd spot'),
(299, 'From entrance take left then 30th row, 4th spot'),
(300, 'From entrance take left then 30th row, 5th spot'),
(301, 'From entrance take right then 31th row, 5th spot'),
(302, 'From entrance take right then 31th row, 4th spot'),
(303, 'From entrance take right then 31th row, 3rd spot'),
(304, 'From entrance take right then 31th row, 2nd spot'),
(305, 'From entrance take right then 31th row, 1st spot'),
(306, 'From entrance take left then 31th row, 1st spot'),
(307, 'From entrance take left then 31th row, 2nd spot'),
(308, 'From entrance take left then 31th row, 3rd spot'),
(309, 'From entrance take left then 31th row, 4th spot'),
(310, 'From entrance take left then 31th row, 5th spot'),
(311, 'From entrance take right then 32th row, 5th spot'),
(312, 'From entrance take right then 32th row, 4th spot'),
(313, 'From entrance take right then 32th row, 3rd spot'),
(314, 'From entrance take right then 32th row, 2nd spot'),
(315, 'From entrance take right then 32th row, 1st spot'),
(316, 'From entrance take left then 32th row, 1st spot'),
(317, 'From entrance take left then 32th row, 2nd spot'),
(318, 'From entrance take left then 32th row, 3rd spot'),
(319, 'From entrance take left then 32th row, 4th spot'),
(320, 'From entrance take left then 32th row, 5th spot'),
(321, 'From entrance take right then 33th row, 5th spot'),
(322, 'From entrance take right then 33th row, 4th spot'),
(323, 'From entrance take right then 33th row, 3rd spot'),
(324, 'From entrance take right then 33th row, 2nd spot'),
(325, 'From entrance take right then 33th row, 1st spot'),
(326, 'From entrance take left then 33th row, 1st spot'),
(327, 'From entrance take left then 33th row, 2nd spot'),
(328, 'From entrance take left then 33th row, 3rd spot'),
(329, 'From entrance take left then 33th row, 4th spot'),
(330, 'From entrance take left then 33th row, 5th spot'),
(331, 'From entrance take right then 34th row, 5th spot'),
(332, 'From entrance take right then 34th row, 4th spot'),
(333, 'From entrance take right then 34th row, 3rd spot'),
(334, 'From entrance take right then 34th row, 2nd spot'),
(335, 'From entrance take right then 34th row, 1st spot'),
(336, 'From entrance take left then 34th row, 1st spot'),
(337, 'From entrance take left then 34th row, 2nd spot'),
(338, 'From entrance take left then 34th row, 3rd spot'),
(339, 'From entrance take left then 34th row, 4th spot'),
(340, 'From entrance take left then 34th row, 5th spot'),
(341, 'From entrance take right then 35th row, 5th spot'),
(342, 'From entrance take right then 35th row, 4th spot'),
(343, 'From entrance take right then 35th row, 3rd spot'),
(344, 'From entrance take right then 35th row, 2nd spot'),
(345, 'From entrance take right then 35th row, 1st spot'),
(346, 'From entrance take left then 35th row, 1st spot'),
(347, 'From entrance take left then 35th row, 2nd spot'),
(348, 'From entrance take left then 35th row, 3rd spot'),
(349, 'From entrance take left then 35th row, 4th spot'),
(350, 'From entrance take left then 35th row, 5th spot'),
(351, 'From entrance take right then 36th row, 5th spot'),
(352, 'From entrance take right then 36th row, 4th spot'),
(353, 'From entrance take right then 36th row, 3rd spot'),
(354, 'From entrance take right then 36th row, 2nd spot'),
(355, 'From entrance take right then 36th row, 1st spot'),
(356, 'From entrance take left then 36th row, 1st spot'),
(357, 'From entrance take left then 36th row, 2nd spot'),
(358, 'From entrance take left then 36th row, 3rd spot'),
(359, 'From entrance take left then 36th row, 4th spot'),
(360, 'From entrance take left then 36th row, 5th spot'),
(361, 'From entrance take right then 37th row, 5th spot'),
(362, 'From entrance take right then 37th row, 4th spot'),
(363, 'From entrance take right then 37th row, 3rd spot'),
(364, 'From entrance take right then 37th row, 2nd spot'),
(365, 'From entrance take right then 37th row, 1st spot'),
(366, 'From entrance take left then 37th row, 1st spot'),
(367, 'From entrance take left then 37th row, 2nd spot'),
(368, 'From entrance take left then 37th row, 3rd spot'),
(369, 'From entrance take left then 37th row, 4th spot'),
(370, 'From entrance take left then 37th row, 5th spot'),
(371, 'From entrance take right then 38th row, 5th spot'),
(372, 'From entrance take right then 38th row, 4th spot'),
(373, 'From entrance take right then 38th row, 3rd spot'),
(374, 'From entrance take right then 38th row, 2nd spot'),
(375, 'From entrance take right then 38th row, 1st spot'),
(376, 'From entrance take left then 38th row, 1st spot'),
(377, 'From entrance take left then 38th row, 2nd spot'),
(378, 'From entrance take left then 38th row, 3rd spot'),
(379, 'From entrance take left then 38th row, 4th spot'),
(380, 'From entrance take left then 38th row, 5th spot'),
(381, 'From entrance take right then 39th row, 5th spot'),
(382, 'From entrance take right then 39th row, 4th spot'),
(383, 'From entrance take right then 39th row, 3rd spot'),
(384, 'From entrance take right then 39th row, 2nd spot'),
(385, 'From entrance take right then 39th row, 1st spot'),
(386, 'From entrance take left then 39th row, 1st spot'),
(387, 'From entrance take left then 39th row, 2nd spot'),
(388, 'From entrance take left then 39th row, 3rd spot'),
(389, 'From entrance take left then 39th row, 4th spot'),
(390, 'From entrance take left then 39th row, 5th spot'),
(391, 'From entrance take right then 40th row, 5th spot'),
(392, 'From entrance take right then 40th row, 4th spot'),
(393, 'From entrance take right then 40th row, 3rd spot'),
(394, 'From entrance take right then 40th row, 2nd spot'),
(395, 'From entrance take right then 40th row, 1st spot'),
(396, 'From entrance take left then 40th row, 1st spot'),
(397, 'From entrance take left then 40th row, 2nd spot'),
(398, 'From entrance take left then 40th row, 3rd spot'),
(399, 'From entrance take left then 40th row, 4th spot'),
(400, 'From entrance take left then 40th row, 5th spot'),
(401, 'From entrance take right then 41th row, 5th spot'),
(402, 'From entrance take right then 41th row, 4th spot'),
(403, 'From entrance take right then 41th row, 3rd spot'),
(404, 'From entrance take right then 41th row, 2nd spot'),
(405, 'From entrance take right then 41th row, 1st spot'),
(406, 'From entrance take left then 41th row, 1st spot'),
(407, 'From entrance take left then 41th row, 2nd spot'),
(408, 'From entrance take left then 41th row, 3rd spot'),
(409, 'From entrance take left then 41th row, 4th spot'),
(410, 'From entrance take left then 41th row, 5th spot'),
(411, 'From entrance take right then 42th row, 5th spot'),
(412, 'From entrance take right then 42th row, 4th spot'),
(413, 'From entrance take right then 42th row, 3rd spot'),
(414, 'From entrance take right then 42th row, 2nd spot'),
(415, 'From entrance take right then 42th row, 1st spot'),
(416, 'From entrance take left then 42th row, 1st spot'),
(417, 'From entrance take left then 42th row, 2nd spot'),
(418, 'From entrance take left then 42th row, 3rd spot'),
(419, 'From entrance take left then 42th row, 4th spot'),
(420, 'From entrance take left then 42th row, 5th spot'),
(421, 'From entrance take right then 43th row, 5th spot'),
(422, 'From entrance take right then 43th row, 4th spot'),
(423, 'From entrance take right then 43th row, 3rd spot'),
(424, 'From entrance take right then 43th row, 2nd spot'),
(425, 'From entrance take right then 43th row, 1st spot'),
(426, 'From entrance take left then 43th row, 1st spot'),
(427, 'From entrance take left then 43th row, 2nd spot'),
(428, 'From entrance take left then 43th row, 3rd spot'),
(429, 'From entrance take left then 43th row, 4th spot'),
(430, 'From entrance take left then 43th row, 5th spot'),
(431, 'From entrance take right then 44th row, 5th spot'),
(432, 'From entrance take right then 44th row, 4th spot'),
(433, 'From entrance take right then 44th row, 3rd spot'),
(434, 'From entrance take right then 44th row, 2nd spot'),
(435, 'From entrance take right then 44th row, 1st spot'),
(436, 'From entrance take left then 44th row, 1st spot'),
(437, 'From entrance take left then 44th row, 2nd spot'),
(438, 'From entrance take left then 44th row, 3rd spot'),
(439, 'From entrance take left then 44th row, 4th spot'),
(440, 'From entrance take left then 44th row, 5th spot'),
(441, 'From entrance take right then 45th row, 5th spot'),
(442, 'From entrance take right then 45th row, 4th spot'),
(443, 'From entrance take right then 45th row, 3rd spot'),
(444, 'From entrance take right then 45th row, 2nd spot'),
(445, 'From entrance take right then 45th row, 1st spot'),
(446, 'From entrance take left then 45th row, 1st spot'),
(447, 'From entrance take left then 45th row, 2nd spot'),
(448, 'From entrance take left then 45th row, 3rd spot'),
(449, 'From entrance take left then 45th row, 4th spot'),
(450, 'From entrance take left then 45th row, 5th spot'),
(451, 'From entrance take right then 46th row, 5th spot'),
(452, 'From entrance take right then 46th row, 4th spot'),
(453, 'From entrance take right then 46th row, 3rd spot'),
(454, 'From entrance take right then 46th row, 2nd spot'),
(455, 'From entrance take right then 46th row, 1st spot'),
(456, 'From entrance take left then 46th row, 1st spot'),
(457, 'From entrance take left then 46th row, 2nd spot'),
(458, 'From entrance take left then 46th row, 3rd spot'),
(459, 'From entrance take left then 46th row, 4th spot'),
(460, 'From entrance take left then 46th row, 5th spot'),
(461, 'From entrance take right then 47th row, 5th spot'),
(462, 'From entrance take right then 47th row, 4th spot'),
(463, 'From entrance take right then 47th row, 3rd spot'),
(464, 'From entrance take right then 47th row, 2nd spot'),
(465, 'From entrance take right then 47th row, 1st spot'),
(466, 'From entrance take left then 47th row, 1st spot'),
(467, 'From entrance take left then 47th row, 2nd spot'),
(468, 'From entrance take left then 47th row, 3rd spot'),
(469, 'From entrance take left then 47th row, 4th spot'),
(470, 'From entrance take left then 47th row, 5th spot'),
(471, 'From entrance take right then 48th row, 5th spot'),
(472, 'From entrance take right then 48th row, 4th spot'),
(473, 'From entrance take right then 48th row, 3rd spot'),
(474, 'From entrance take right then 48th row, 2nd spot'),
(475, 'From entrance take right then 48th row, 1st spot'),
(476, 'From entrance take left then 48th row, 1st spot'),
(477, 'From entrance take left then 48th row, 2nd spot'),
(478, 'From entrance take left then 48th row, 3rd spot'),
(479, 'From entrance take left then 48th row, 4th spot'),
(480, 'From entrance take left then 48th row, 5th spot'),
(481, 'From entrance take right then 49th row, 5th spot'),
(482, 'From entrance take right then 49th row, 4th spot'),
(483, 'From entrance take right then 49th row, 3rd spot'),
(484, 'From entrance take right then 49th row, 2nd spot'),
(485, 'From entrance take right then 49th row, 1st spot'),
(486, 'From entrance take left then 49th row, 1st spot'),
(487, 'From entrance take left then 49th row, 2nd spot'),
(488, 'From entrance take left then 49th row, 3rd spot'),
(489, 'From entrance take left then 49th row, 4th spot'),
(490, 'From entrance take left then 49th row, 5th spot'),
(491, 'From entrance take right then 50th row, 5th spot'),
(492, 'From entrance take right then 50th row, 4th spot'),
(493, 'From entrance take right then 50th row, 3rd spot'),
(494, 'From entrance take right then 50th row, 2nd spot'),
(495, 'From entrance take right then 50th row, 1st spot'),
(496, 'From entrance take left then 50th row, 1st spot'),
(497, 'From entrance take left then 50th row, 2nd spot'),
(498, 'From entrance take left then 50th row, 3rd spot'),
(499, 'From entrance take left then 50th row, 4th spot'),
(500, 'From entrance take left then 50th row, 5th spot'),
(501, 'From entrance take right then 51th row, 5th spot'),
(502, 'From entrance take right then 51th row, 4th spot'),
(503, 'From entrance take right then 51th row, 3rd spot'),
(504, 'From entrance take right then 51th row, 2nd spot'),
(505, 'From entrance take right then 51th row, 1st spot'),
(506, 'From entrance take left then 51th row, 1st spot'),
(507, 'From entrance take left then 51th row, 2nd spot'),
(508, 'From entrance take left then 51th row, 3rd spot'),
(509, 'From entrance take left then 51th row, 4th spot'),
(510, 'From entrance take left then 51th row, 5th spot'),
(511, 'From entrance take right then 52th row, 5th spot'),
(512, 'From entrance take right then 52th row, 4th spot'),
(513, 'From entrance take right then 52th row, 3rd spot'),
(514, 'From entrance take right then 52th row, 2nd spot'),
(515, 'From entrance take right then 52th row, 1st spot'),
(516, 'From entrance take left then 52th row, 1st spot'),
(517, 'From entrance take left then 52th row, 2nd spot'),
(518, 'From entrance take left then 52th row, 3rd spot'),
(519, 'From entrance take left then 52th row, 4th spot'),
(520, 'From entrance take left then 52th row, 5th spot'),
(521, 'From entrance take right then 53th row, 5th spot'),
(522, 'From entrance take right then 53th row, 4th spot'),
(523, 'From entrance take right then 53th row, 3rd spot'),
(524, 'From entrance take right then 53th row, 2nd spot'),
(525, 'From entrance take right then 53th row, 1st spot'),
(526, 'From entrance take left then 53th row, 1st spot'),
(527, 'From entrance take left then 53th row, 2nd spot'),
(528, 'From entrance take left then 53th row, 3rd spot'),
(529, 'From entrance take left then 53th row, 4th spot'),
(530, 'From entrance take left then 53th row, 5th spot'),
(531, 'From entrance take right then 54th row, 5th spot'),
(532, 'From entrance take right then 54th row, 4th spot'),
(533, 'From entrance take right then 54th row, 3rd spot'),
(534, 'From entrance take right then 54th row, 2nd spot'),
(535, 'From entrance take right then 54th row, 1st spot'),
(536, 'From entrance take left then 54th row, 1st spot'),
(537, 'From entrance take left then 54th row, 2nd spot'),
(538, 'From entrance take left then 54th row, 3rd spot'),
(539, 'From entrance take left then 54th row, 4th spot'),
(540, 'From entrance take left then 54th row, 5th spot'),
(541, 'From entrance take right then 55th row, 5th spot'),
(542, 'From entrance take right then 55th row, 4th spot'),
(543, 'From entrance take right then 55th row, 3rd spot'),
(544, 'From entrance take right then 55th row, 2nd spot'),
(545, 'From entrance take right then 55th row, 1st spot'),
(546, 'From entrance take left then 55th row, 1st spot'),
(547, 'From entrance take left then 55th row, 2nd spot'),
(548, 'From entrance take left then 55th row, 3rd spot'),
(549, 'From entrance take left then 55th row, 4th spot'),
(550, 'From entrance take left then 55th row, 5th spot'),
(551, 'From entrance take right then 56th row, 5th spot'),
(552, 'From entrance take right then 56th row, 4th spot'),
(553, 'From entrance take right then 56th row, 3rd spot'),
(554, 'From entrance take right then 56th row, 2nd spot'),
(555, 'From entrance take right then 56th row, 1st spot'),
(556, 'From entrance take left then 56th row, 1st spot'),
(557, 'From entrance take left then 56th row, 2nd spot'),
(558, 'From entrance take left then 56th row, 3rd spot'),
(559, 'From entrance take left then 56th row, 4th spot'),
(560, 'From entrance take left then 56th row, 5th spot'),
(561, 'From entrance take right then 57th row, 5th spot'),
(562, 'From entrance take right then 57th row, 4th spot'),
(563, 'From entrance take right then 57th row, 3rd spot'),
(564, 'From entrance take right then 57th row, 2nd spot'),
(565, 'From entrance take right then 57th row, 1st spot'),
(566, 'From entrance take left then 57th row, 1st spot'),
(567, 'From entrance take left then 57th row, 2nd spot'),
(568, 'From entrance take left then 57th row, 3rd spot'),
(569, 'From entrance take left then 57th row, 4th spot'),
(570, 'From entrance take left then 57th row, 5th spot'),
(571, 'From entrance take right then 58th row, 5th spot'),
(572, 'From entrance take right then 58th row, 4th spot'),
(573, 'From entrance take right then 58th row, 3rd spot'),
(574, 'From entrance take right then 58th row, 2nd spot'),
(575, 'From entrance take right then 58th row, 1st spot'),
(576, 'From entrance take left then 58th row, 1st spot'),
(577, 'From entrance take left then 58th row, 2nd spot'),
(578, 'From entrance take left then 58th row, 3rd spot'),
(579, 'From entrance take left then 58th row, 4th spot'),
(580, 'From entrance take left then 58th row, 5th spot'),
(581, 'From entrance take right then 59th row, 5th spot'),
(582, 'From entrance take right then 59th row, 4th spot'),
(583, 'From entrance take right then 59th row, 3rd spot'),
(584, 'From entrance take right then 59th row, 2nd spot'),
(585, 'From entrance take right then 59th row, 1st spot'),
(586, 'From entrance take left then 59th row, 1st spot'),
(587, 'From entrance take left then 59th row, 2nd spot'),
(588, 'From entrance take left then 59th row, 3rd spot'),
(589, 'From entrance take left then 59th row, 4th spot'),
(590, 'From entrance take left then 59th row, 5th spot'),
(591, 'From entrance take right then 60th row, 5th spot'),
(592, 'From entrance take right then 60th row, 4th spot'),
(593, 'From entrance take right then 60th row, 3rd spot'),
(594, 'From entrance take right then 60th row, 2nd spot'),
(595, 'From entrance take right then 60th row, 1st spot'),
(596, 'From entrance take left then 60th row, 1st spot'),
(597, 'From entrance take left then 60th row, 2nd spot'),
(598, 'From entrance take left then 60th row, 3rd spot'),
(599, 'From entrance take left then 60th row, 4th spot'),
(600, 'From entrance take left then 60th row, 5th spot'),
(601, 'From entrance take right then 61th row, 5th spot'),
(602, 'From entrance take right then 61th row, 4th spot'),
(603, 'From entrance take right then 61th row, 3rd spot'),
(604, 'From entrance take right then 61th row, 2nd spot'),
(605, 'From entrance take right then 61th row, 1st spot'),
(606, 'From entrance take left then 61th row, 1st spot'),
(607, 'From entrance take left then 61th row, 2nd spot'),
(608, 'From entrance take left then 61th row, 3rd spot'),
(609, 'From entrance take left then 61th row, 4th spot'),
(610, 'From entrance take left then 61th row, 5th spot'),
(611, 'From entrance take right then 62th row, 5th spot'),
(612, 'From entrance take right then 62th row, 4th spot'),
(613, 'From entrance take right then 62th row, 3rd spot'),
(614, 'From entrance take right then 62th row, 2nd spot'),
(615, 'From entrance take right then 62th row, 1st spot'),
(616, 'From entrance take left then 62th row, 1st spot'),
(617, 'From entrance take left then 62th row, 2nd spot'),
(618, 'From entrance take left then 62th row, 3rd spot'),
(619, 'From entrance take left then 62th row, 4th spot'),
(620, 'From entrance take left then 62th row, 5th spot'),
(621, 'From entrance take right then 63th row, 5th spot'),
(622, 'From entrance take right then 63th row, 4th spot'),
(623, 'From entrance take right then 63th row, 3rd spot'),
(624, 'From entrance take right then 63th row, 2nd spot'),
(625, 'From entrance take right then 63th row, 1st spot'),
(626, 'From entrance take left then 63th row, 1st spot'),
(627, 'From entrance take left then 63th row, 2nd spot'),
(628, 'From entrance take left then 63th row, 3rd spot'),
(629, 'From entrance take left then 63th row, 4th spot'),
(630, 'From entrance take left then 63th row, 5th spot'),
(631, 'From entrance take right then 64th row, 5th spot'),
(632, 'From entrance take right then 64th row, 4th spot'),
(633, 'From entrance take right then 64th row, 3rd spot'),
(634, 'From entrance take right then 64th row, 2nd spot'),
(635, 'From entrance take right then 64th row, 1st spot'),
(636, 'From entrance take left then 64th row, 1st spot'),
(637, 'From entrance take left then 64th row, 2nd spot'),
(638, 'From entrance take left then 64th row, 3rd spot'),
(639, 'From entrance take left then 64th row, 4th spot'),
(640, 'From entrance take left then 64th row, 5th spot'),
(641, 'From entrance take right then 65th row, 5th spot'),
(642, 'From entrance take right then 65th row, 4th spot'),
(643, 'From entrance take right then 65th row, 3rd spot'),
(644, 'From entrance take right then 65th row, 2nd spot'),
(645, 'From entrance take right then 65th row, 1st spot'),
(646, 'From entrance take left then 65th row, 1st spot'),
(647, 'From entrance take left then 65th row, 2nd spot'),
(648, 'From entrance take left then 65th row, 3rd spot'),
(649, 'From entrance take left then 65th row, 4th spot'),
(650, 'From entrance take left then 65th row, 5th spot'),
(651, 'From entrance take right then 66th row, 5th spot'),
(652, 'From entrance take right then 66th row, 4th spot'),
(653, 'From entrance take right then 66th row, 3rd spot'),
(654, 'From entrance take right then 66th row, 2nd spot'),
(655, 'From entrance take right then 66th row, 1st spot'),
(656, 'From entrance take left then 66th row, 1st spot'),
(657, 'From entrance take left then 66th row, 2nd spot'),
(658, 'From entrance take left then 66th row, 3rd spot'),
(659, 'From entrance take left then 66th row, 4th spot'),
(660, 'From entrance take left then 66th row, 5th spot'),
(661, 'From entrance take right then 67th row, 5th spot'),
(662, 'From entrance take right then 67th row, 4th spot'),
(663, 'From entrance take right then 67th row, 3rd spot'),
(664, 'From entrance take right then 67th row, 2nd spot'),
(665, 'From entrance take right then 67th row, 1st spot'),
(666, 'From entrance take left then 67th row, 1st spot'),
(667, 'From entrance take left then 67th row, 2nd spot'),
(668, 'From entrance take left then 67th row, 3rd spot'),
(669, 'From entrance take left then 67th row, 4th spot'),
(670, 'From entrance take left then 67th row, 5th spot'),
(671, 'From entrance take right then 68th row, 5th spot'),
(672, 'From entrance take right then 68th row, 4th spot'),
(673, 'From entrance take right then 68th row, 3rd spot'),
(674, 'From entrance take right then 68th row, 2nd spot'),
(675, 'From entrance take right then 68th row, 1st spot'),
(676, 'From entrance take left then 68th row, 1st spot'),
(677, 'From entrance take left then 68th row, 2nd spot'),
(678, 'From entrance take left then 68th row, 3rd spot'),
(679, 'From entrance take left then 68th row, 4th spot'),
(680, 'From entrance take left then 68th row, 5th spot'),
(681, 'From entrance take right then 69th row, 5th spot'),
(682, 'From entrance take right then 69th row, 4th spot'),
(683, 'From entrance take right then 69th row, 3rd spot'),
(684, 'From entrance take right then 69th row, 2nd spot'),
(685, 'From entrance take right then 69th row, 1st spot'),
(686, 'From entrance take left then 69th row, 1st spot'),
(687, 'From entrance take left then 69th row, 2nd spot'),
(688, 'From entrance take left then 69th row, 3rd spot'),
(689, 'From entrance take left then 69th row, 4th spot'),
(690, 'From entrance take left then 69th row, 5th spot'),
(691, 'From entrance take right then 70th row, 5th spot'),
(692, 'From entrance take right then 70th row, 4th spot'),
(693, 'From entrance take right then 70th row, 3rd spot'),
(694, 'From entrance take right then 70th row, 2nd spot'),
(695, 'From entrance take right then 70th row, 1st spot'),
(696, 'From entrance take left then 70th row, 1st spot'),
(697, 'From entrance take left then 70th row, 2nd spot'),
(698, 'From entrance take left then 70th row, 3rd spot'),
(699, 'From entrance take left then 70th row, 4th spot'),
(700, 'From entrance take left then 70th row, 5th spot'),
(701, 'From entrance take right then 71th row, 5th spot'),
(702, 'From entrance take right then 71th row, 4th spot'),
(703, 'From entrance take right then 71th row, 3rd spot'),
(704, 'From entrance take right then 71th row, 2nd spot'),
(705, 'From entrance take right then 71th row, 1st spot'),
(706, 'From entrance take left then 71th row, 1st spot'),
(707, 'From entrance take left then 71th row, 2nd spot'),
(708, 'From entrance take left then 71th row, 3rd spot'),
(709, 'From entrance take left then 71th row, 4th spot'),
(710, 'From entrance take left then 71th row, 5th spot'),
(711, 'From entrance take right then 72th row, 5th spot'),
(712, 'From entrance take right then 72th row, 4th spot'),
(713, 'From entrance take right then 72th row, 3rd spot'),
(714, 'From entrance take right then 72th row, 2nd spot'),
(715, 'From entrance take right then 72th row, 1st spot'),
(716, 'From entrance take left then 72th row, 1st spot'),
(717, 'From entrance take left then 72th row, 2nd spot'),
(718, 'From entrance take left then 72th row, 3rd spot'),
(719, 'From entrance take left then 72th row, 4th spot'),
(720, 'From entrance take left then 72th row, 5th spot'),
(721, 'From entrance take right then 73th row, 5th spot'),
(722, 'From entrance take right then 73th row, 4th spot'),
(723, 'From entrance take right then 73th row, 3rd spot'),
(724, 'From entrance take right then 73th row, 2nd spot'),
(725, 'From entrance take right then 73th row, 1st spot'),
(726, 'From entrance take left then 73th row, 1st spot'),
(727, 'From entrance take left then 73th row, 2nd spot'),
(728, 'From entrance take left then 73th row, 3rd spot'),
(729, 'From entrance take left then 73th row, 4th spot'),
(730, 'From entrance take left then 73th row, 5th spot'),
(731, 'From entrance take right then 74th row, 5th spot'),
(732, 'From entrance take right then 74th row, 4th spot'),
(733, 'From entrance take right then 74th row, 3rd spot'),
(734, 'From entrance take right then 74th row, 2nd spot'),
(735, 'From entrance take right then 74th row, 1st spot'),
(736, 'From entrance take left then 74th row, 1st spot'),
(737, 'From entrance take left then 74th row, 2nd spot'),
(738, 'From entrance take left then 74th row, 3rd spot'),
(739, 'From entrance take left then 74th row, 4th spot'),
(740, 'From entrance take left then 74th row, 5th spot'),
(741, 'From entrance take right then 75th row, 5th spot'),
(742, 'From entrance take right then 75th row, 4th spot'),
(743, 'From entrance take right then 75th row, 3rd spot'),
(744, 'From entrance take right then 75th row, 2nd spot'),
(745, 'From entrance take right then 75th row, 1st spot'),
(746, 'From entrance take left then 75th row, 1st spot'),
(747, 'From entrance take left then 75th row, 2nd spot'),
(748, 'From entrance take left then 75th row, 3rd spot'),
(749, 'From entrance take left then 75th row, 4th spot'),
(750, 'From entrance take left then 75th row, 5th spot'),
(751, 'From entrance take right then 76th row, 5th spot'),
(752, 'From entrance take right then 76th row, 4th spot'),
(753, 'From entrance take right then 76th row, 3rd spot'),
(754, 'From entrance take right then 76th row, 2nd spot'),
(755, 'From entrance take right then 76th row, 1st spot'),
(756, 'From entrance take left then 76th row, 1st spot'),
(757, 'From entrance take left then 76th row, 2nd spot'),
(758, 'From entrance take left then 76th row, 3rd spot'),
(759, 'From entrance take left then 76th row, 4th spot'),
(760, 'From entrance take left then 76th row, 5th spot'),
(761, 'From entrance take right then 77th row, 5th spot'),
(762, 'From entrance take right then 77th row, 4th spot'),
(763, 'From entrance take right then 77th row, 3rd spot'),
(764, 'From entrance take right then 77th row, 2nd spot'),
(765, 'From entrance take right then 77th row, 1st spot'),
(766, 'From entrance take left then 77th row, 1st spot'),
(767, 'From entrance take left then 77th row, 2nd spot'),
(768, 'From entrance take left then 77th row, 3rd spot'),
(769, 'From entrance take left then 77th row, 4th spot'),
(770, 'From entrance take left then 77th row, 5th spot'),
(771, 'From entrance take right then 78th row, 5th spot'),
(772, 'From entrance take right then 78th row, 4th spot'),
(773, 'From entrance take right then 78th row, 3rd spot'),
(774, 'From entrance take right then 78th row, 2nd spot'),
(775, 'From entrance take right then 78th row, 1st spot'),
(776, 'From entrance take left then 78th row, 1st spot'),
(777, 'From entrance take left then 78th row, 2nd spot'),
(778, 'From entrance take left then 78th row, 3rd spot'),
(779, 'From entrance take left then 78th row, 4th spot'),
(780, 'From entrance take left then 78th row, 5th spot'),
(781, 'From entrance take right then 79th row, 5th spot'),
(782, 'From entrance take right then 79th row, 4th spot'),
(783, 'From entrance take right then 79th row, 3rd spot'),
(784, 'From entrance take right then 79th row, 2nd spot'),
(785, 'From entrance take right then 79th row, 1st spot'),
(786, 'From entrance take left then 79th row, 1st spot'),
(787, 'From entrance take left then 79th row, 2nd spot'),
(788, 'From entrance take left then 79th row, 3rd spot'),
(789, 'From entrance take left then 79th row, 4th spot'),
(790, 'From entrance take left then 79th row, 5th spot'),
(791, 'From entrance take right then 80th row, 5th spot'),
(792, 'From entrance take right then 80th row, 4th spot'),
(793, 'From entrance take right then 80th row, 3rd spot'),
(794, 'From entrance take right then 80th row, 2nd spot'),
(795, 'From entrance take right then 80th row, 1st spot'),
(796, 'From entrance take left then 80th row, 1st spot'),
(797, 'From entrance take left then 80th row, 2nd spot'),
(798, 'From entrance take left then 80th row, 3rd spot'),
(799, 'From entrance take left then 80th row, 4th spot'),
(800, 'From entrance take left then 80th row, 5th spot'),
(801, 'From entrance take right then 81th row, 5th spot'),
(802, 'From entrance take right then 81th row, 4th spot'),
(803, 'From entrance take right then 81th row, 3rd spot'),
(804, 'From entrance take right then 81th row, 2nd spot'),
(805, 'From entrance take right then 81th row, 1st spot'),
(806, 'From entrance take left then 81th row, 1st spot'),
(807, 'From entrance take left then 81th row, 2nd spot'),
(808, 'From entrance take left then 81th row, 3rd spot'),
(809, 'From entrance take left then 81th row, 4th spot'),
(810, 'From entrance take left then 81th row, 5th spot'),
(811, 'From entrance take right then 82th row, 5th spot'),
(812, 'From entrance take right then 82th row, 4th spot'),
(813, 'From entrance take right then 82th row, 3rd spot'),
(814, 'From entrance take right then 82th row, 2nd spot'),
(815, 'From entrance take right then 82th row, 1st spot'),
(816, 'From entrance take left then 82th row, 1st spot'),
(817, 'From entrance take left then 82th row, 2nd spot'),
(818, 'From entrance take left then 82th row, 3rd spot'),
(819, 'From entrance take left then 82th row, 4th spot'),
(820, 'From entrance take left then 82th row, 5th spot'),
(821, 'From entrance take right then 83th row, 5th spot'),
(822, 'From entrance take right then 83th row, 4th spot'),
(823, 'From entrance take right then 83th row, 3rd spot'),
(824, 'From entrance take right then 83th row, 2nd spot'),
(825, 'From entrance take right then 83th row, 1st spot'),
(826, 'From entrance take left then 83th row, 1st spot'),
(827, 'From entrance take left then 83th row, 2nd spot'),
(828, 'From entrance take left then 83th row, 3rd spot'),
(829, 'From entrance take left then 83th row, 4th spot'),
(830, 'From entrance take left then 83th row, 5th spot'),
(831, 'From entrance take right then 84th row, 5th spot'),
(832, 'From entrance take right then 84th row, 4th spot'),
(833, 'From entrance take right then 84th row, 3rd spot'),
(834, 'From entrance take right then 84th row, 2nd spot'),
(835, 'From entrance take right then 84th row, 1st spot'),
(836, 'From entrance take left then 84th row, 1st spot'),
(837, 'From entrance take left then 84th row, 2nd spot'),
(838, 'From entrance take left then 84th row, 3rd spot'),
(839, 'From entrance take left then 84th row, 4th spot'),
(840, 'From entrance take left then 84th row, 5th spot'),
(841, 'From entrance take right then 85th row, 5th spot'),
(842, 'From entrance take right then 85th row, 4th spot'),
(843, 'From entrance take right then 85th row, 3rd spot'),
(844, 'From entrance take right then 85th row, 2nd spot'),
(845, 'From entrance take right then 85th row, 1st spot'),
(846, 'From entrance take left then 85th row, 1st spot'),
(847, 'From entrance take left then 85th row, 2nd spot'),
(848, 'From entrance take left then 85th row, 3rd spot'),
(849, 'From entrance take left then 85th row, 4th spot'),
(850, 'From entrance take left then 85th row, 5th spot'),
(851, 'From entrance take right then 86th row, 5th spot'),
(852, 'From entrance take right then 86th row, 4th spot'),
(853, 'From entrance take right then 86th row, 3rd spot'),
(854, 'From entrance take right then 86th row, 2nd spot'),
(855, 'From entrance take right then 86th row, 1st spot'),
(856, 'From entrance take left then 86th row, 1st spot'),
(857, 'From entrance take left then 86th row, 2nd spot'),
(858, 'From entrance take left then 86th row, 3rd spot'),
(859, 'From entrance take left then 86th row, 4th spot'),
(860, 'From entrance take left then 86th row, 5th spot'),
(861, 'From entrance take right then 87th row, 5th spot'),
(862, 'From entrance take right then 87th row, 4th spot'),
(863, 'From entrance take right then 87th row, 3rd spot'),
(864, 'From entrance take right then 87th row, 2nd spot'),
(865, 'From entrance take right then 87th row, 1st spot'),
(866, 'From entrance take left then 87th row, 1st spot'),
(867, 'From entrance take left then 87th row, 2nd spot'),
(868, 'From entrance take left then 87th row, 3rd spot'),
(869, 'From entrance take left then 87th row, 4th spot'),
(870, 'From entrance take left then 87th row, 5th spot'),
(871, 'From entrance take right then 88th row, 5th spot'),
(872, 'From entrance take right then 88th row, 4th spot'),
(873, 'From entrance take right then 88th row, 3rd spot'),
(874, 'From entrance take right then 88th row, 2nd spot'),
(875, 'From entrance take right then 88th row, 1st spot'),
(876, 'From entrance take left then 88th row, 1st spot'),
(877, 'From entrance take left then 88th row, 2nd spot'),
(878, 'From entrance take left then 88th row, 3rd spot'),
(879, 'From entrance take left then 88th row, 4th spot'),
(880, 'From entrance take left then 88th row, 5th spot'),
(881, 'From entrance take right then 89th row, 5th spot'),
(882, 'From entrance take right then 89th row, 4th spot'),
(883, 'From entrance take right then 89th row, 3rd spot'),
(884, 'From entrance take right then 89th row, 2nd spot'),
(885, 'From entrance take right then 89th row, 1st spot'),
(886, 'From entrance take left then 89th row, 1st spot'),
(887, 'From entrance take left then 89th row, 2nd spot');
INSERT INTO `route` (`spotno`, `route`) VALUES
(888, 'From entrance take left then 89th row, 3rd spot'),
(889, 'From entrance take left then 89th row, 4th spot'),
(890, 'From entrance take left then 89th row, 5th spot'),
(891, 'From entrance take right then 90th row, 5th spot'),
(892, 'From entrance take right then 90th row, 4th spot'),
(893, 'From entrance take right then 90th row, 3rd spot'),
(894, 'From entrance take right then 90th row, 2nd spot'),
(895, 'From entrance take right then 90th row, 1st spot'),
(896, 'From entrance take left then 90th row, 1st spot'),
(897, 'From entrance take left then 90th row, 2nd spot'),
(898, 'From entrance take left then 90th row, 3rd spot'),
(899, 'From entrance take left then 90th row, 4th spot'),
(900, 'From entrance take left then 90th row, 5th spot'),
(901, 'From entrance take right then 91th row, 5th spot'),
(902, 'From entrance take right then 91th row, 4th spot'),
(903, 'From entrance take right then 91th row, 3rd spot'),
(904, 'From entrance take right then 91th row, 2nd spot'),
(905, 'From entrance take right then 91th row, 1st spot'),
(906, 'From entrance take left then 91th row, 1st spot'),
(907, 'From entrance take left then 91th row, 2nd spot'),
(908, 'From entrance take left then 91th row, 3rd spot'),
(909, 'From entrance take left then 91th row, 4th spot'),
(910, 'From entrance take left then 91th row, 5th spot'),
(911, 'From entrance take right then 92th row, 5th spot'),
(912, 'From entrance take right then 92th row, 4th spot'),
(913, 'From entrance take right then 92th row, 3rd spot'),
(914, 'From entrance take right then 92th row, 2nd spot'),
(915, 'From entrance take right then 92th row, 1st spot'),
(916, 'From entrance take left then 92th row, 1st spot'),
(917, 'From entrance take left then 92th row, 2nd spot'),
(918, 'From entrance take left then 92th row, 3rd spot'),
(919, 'From entrance take left then 92th row, 4th spot'),
(920, 'From entrance take left then 92th row, 5th spot'),
(921, 'From entrance take right then 93th row, 5th spot'),
(922, 'From entrance take right then 93th row, 4th spot'),
(923, 'From entrance take right then 93th row, 3rd spot'),
(924, 'From entrance take right then 93th row, 2nd spot'),
(925, 'From entrance take right then 93th row, 1st spot'),
(926, 'From entrance take left then 93th row, 1st spot'),
(927, 'From entrance take left then 93th row, 2nd spot'),
(928, 'From entrance take left then 93th row, 3rd spot'),
(929, 'From entrance take left then 93th row, 4th spot'),
(930, 'From entrance take left then 93th row, 5th spot'),
(931, 'From entrance take right then 94th row, 5th spot'),
(932, 'From entrance take right then 94th row, 4th spot'),
(933, 'From entrance take right then 94th row, 3rd spot'),
(934, 'From entrance take right then 94th row, 2nd spot'),
(935, 'From entrance take right then 94th row, 1st spot'),
(936, 'From entrance take left then 94th row, 1st spot'),
(937, 'From entrance take left then 94th row, 2nd spot'),
(938, 'From entrance take left then 94th row, 3rd spot'),
(939, 'From entrance take left then 94th row, 4th spot'),
(940, 'From entrance take left then 94th row, 5th spot'),
(941, 'From entrance take right then 95th row, 5th spot'),
(942, 'From entrance take right then 95th row, 4th spot'),
(943, 'From entrance take right then 95th row, 3rd spot'),
(944, 'From entrance take right then 95th row, 2nd spot'),
(945, 'From entrance take right then 95th row, 1st spot'),
(946, 'From entrance take left then 95th row, 1st spot'),
(947, 'From entrance take left then 95th row, 2nd spot'),
(948, 'From entrance take left then 95th row, 3rd spot'),
(949, 'From entrance take left then 95th row, 4th spot'),
(950, 'From entrance take left then 95th row, 5th spot'),
(951, 'From entrance take right then 96th row, 5th spot'),
(952, 'From entrance take right then 96th row, 4th spot'),
(953, 'From entrance take right then 96th row, 3rd spot'),
(954, 'From entrance take right then 96th row, 2nd spot'),
(955, 'From entrance take right then 96th row, 1st spot'),
(956, 'From entrance take left then 96th row, 1st spot'),
(957, 'From entrance take left then 96th row, 2nd spot'),
(958, 'From entrance take left then 96th row, 3rd spot'),
(959, 'From entrance take left then 96th row, 4th spot'),
(960, 'From entrance take left then 96th row, 5th spot'),
(961, 'From entrance take right then 97th row, 5th spot'),
(962, 'From entrance take right then 97th row, 4th spot'),
(963, 'From entrance take right then 97th row, 3rd spot'),
(964, 'From entrance take right then 97th row, 2nd spot'),
(965, 'From entrance take right then 97th row, 1st spot'),
(966, 'From entrance take left then 97th row, 1st spot'),
(967, 'From entrance take left then 97th row, 2nd spot'),
(968, 'From entrance take left then 97th row, 3rd spot'),
(969, 'From entrance take left then 97th row, 4th spot'),
(970, 'From entrance take left then 97th row, 5th spot'),
(971, 'From entrance take right then 98th row, 5th spot'),
(972, 'From entrance take right then 98th row, 4th spot'),
(973, 'From entrance take right then 98th row, 3rd spot'),
(974, 'From entrance take right then 98th row, 2nd spot'),
(975, 'From entrance take right then 98th row, 1st spot'),
(976, 'From entrance take left then 98th row, 1st spot'),
(977, 'From entrance take left then 98th row, 2nd spot'),
(978, 'From entrance take left then 98th row, 3rd spot'),
(979, 'From entrance take left then 98th row, 4th spot'),
(980, 'From entrance take left then 98th row, 5th spot'),
(981, 'From entrance take right then 99th row, 5th spot'),
(982, 'From entrance take right then 99th row, 4th spot'),
(983, 'From entrance take right then 99th row, 3rd spot'),
(984, 'From entrance take right then 99th row, 2nd spot'),
(985, 'From entrance take right then 99th row, 1st spot'),
(986, 'From entrance take left then 99th row, 1st spot'),
(987, 'From entrance take left then 99th row, 2nd spot'),
(988, 'From entrance take left then 99th row, 3rd spot'),
(989, 'From entrance take left then 99th row, 4th spot'),
(990, 'From entrance take left then 99th row, 5th spot'),
(991, 'From entrance take right then 100th row, 5th spot'),
(992, 'From entrance take right then 100th row, 4th spot'),
(993, 'From entrance take right then 100th row, 3rd spot'),
(994, 'From entrance take right then 100th row, 2nd spot'),
(995, 'From entrance take right then 100th row, 1st spot'),
(996, 'From entrance take left then 100th row, 1st spot'),
(997, 'From entrance take left then 100th row, 2nd spot'),
(998, 'From entrance take left then 100th row, 3rd spot'),
(999, 'From entrance take left then 100th row, 4th spot'),
(1000, 'From entrance take left then 100th row, 5th spot');

-- --------------------------------------------------------

--
-- Table structure for table `user`
--

CREATE TABLE `user` (
  `userid` int(11) NOT NULL,
  `user` varchar(20) NOT NULL,
  `email` varchar(50) NOT NULL,
  `pass` varchar(10) NOT NULL,
  `ph` varchar(13) NOT NULL,
  `gender` enum('Male','Female','Other') NOT NULL,
  `address` varchar(60) NOT NULL,
  `resettoken` varchar(50) DEFAULT NULL,
  `tokenexpire` date DEFAULT NULL
) ENGINE=InnoDB DEFAULT CHARSET=utf8mb4 COLLATE=utf8mb4_general_ci;

--
-- Dumping data for table `user`
--

INSERT INTO `user` (`userid`, `user`, `email`, `pass`, `ph`, `gender`, `address`, `resettoken`, `tokenexpire`) VALUES
(17, 'Ratul Pal ', 'ratulpal2002@gmail.com', '8520', '8918605134', 'Male', 'South Baila Para, Bishnupur', 'NULL', '0000-00-00'),
(18, 'Avijit Ash ', 'avijitash06@gmail.com', '1234', '8617394579', 'Male', 'Boltola, Bishnupur ', NULL, NULL),
(20, 'Arnab Mandal', 'arnabmandal661@gmail.com', '1234', '74279 01620', 'Male', 'College Road ', NULL, NULL),
(21, 'User ', 'User@gmail.com', '1234', '9382422190', 'Male', 'Madanmahanpur ', NULL, NULL),
(22, 'Admin', 'admin@gmail.com', '1234', '7895864477', 'Male', 'Admin', NULL, NULL),
(23, 'Demo', 'demo@gmail.com', '1234', '1234567890', '', 'Demo', NULL, NULL),
(24, 'Demo1', 'demo1@gmail.com', '0258', '2589631470', 'Male', 'Demo1', NULL, NULL),
(25, 'Slave ', 'pratipandatta@gmail.com', '1234', '9832351404', 'Female', 'Pukur pare ', NULL, NULL),
(26, 'sampurna misra', 'sampurana@gmail.com', 'hello', '08617394579', 'Male', 'Barakalitala Primary School Kalindibandh', NULL, NULL);

--
-- Indexes for dumped tables
--

--
-- Indexes for table `account`
--
ALTER TABLE `account`
  ADD PRIMARY KEY (`aid`),
  ADD KEY `userid` (`userid`);

--
-- Indexes for table `booking`
--
ALTER TABLE `booking`
  ADD PRIMARY KEY (`bid`),
  ADD KEY `userid` (`userid`),
  ADD KEY `pid` (`pid`),
  ADD KEY `carid` (`carid`);

--
-- Indexes for table `car`
--
ALTER TABLE `car`
  ADD PRIMARY KEY (`carid`),
  ADD KEY `userid` (`userid`);

--
-- Indexes for table `connect`
--
ALTER TABLE `connect`
  ADD PRIMARY KEY (`cid`),
  ADD KEY `userid` (`userid`),
  ADD KEY `roleid` (`roleid`);

--
-- Indexes for table `earning`
--
ALTER TABLE `earning`
  ADD PRIMARY KEY (`eid`),
  ADD KEY `userid` (`userid`),
  ADD KEY `tid` (`tid`);

--
-- Indexes for table `parking`
--
ALTER TABLE `parking`
  ADD PRIMARY KEY (`pid`),
  ADD KEY `userid` (`userid`);

--
-- Indexes for table `parking spot`
--
ALTER TABLE `parking spot`
  ADD PRIMARY KEY (`sid`),
  ADD KEY `pid` (`pid`);

--
-- Indexes for table `payment`
--
ALTER TABLE `payment`
  ADD PRIMARY KEY (`tid`),
  ADD KEY `bid` (`bid`);

--
-- Indexes for table `role`
--
ALTER TABLE `role`
  ADD PRIMARY KEY (`roleid`);

--
-- Indexes for table `route`
--
ALTER TABLE `route`
  ADD PRIMARY KEY (`spotno`);

--
-- Indexes for table `user`
--
ALTER TABLE `user`
  ADD PRIMARY KEY (`userid`),
  ADD UNIQUE KEY `email` (`email`);

--
-- AUTO_INCREMENT for dumped tables
--

--
-- AUTO_INCREMENT for table `account`
--
ALTER TABLE `account`
  MODIFY `aid` int(11) NOT NULL AUTO_INCREMENT, AUTO_INCREMENT=7;

--
-- AUTO_INCREMENT for table `booking`
--
ALTER TABLE `booking`
  MODIFY `bid` int(11) NOT NULL AUTO_INCREMENT, AUTO_INCREMENT=52;

--
-- AUTO_INCREMENT for table `car`
--
ALTER TABLE `car`
  MODIFY `carid` int(11) NOT NULL AUTO_INCREMENT, AUTO_INCREMENT=18;

--
-- AUTO_INCREMENT for table `connect`
--
ALTER TABLE `connect`
  MODIFY `cid` int(11) NOT NULL AUTO_INCREMENT, AUTO_INCREMENT=26;

--
-- AUTO_INCREMENT for table `earning`
--
ALTER TABLE `earning`
  MODIFY `eid` int(11) NOT NULL AUTO_INCREMENT, AUTO_INCREMENT=52;

--
-- AUTO_INCREMENT for table `parking`
--
ALTER TABLE `parking`
  MODIFY `pid` int(11) NOT NULL AUTO_INCREMENT, AUTO_INCREMENT=17;

--
-- AUTO_INCREMENT for table `parking spot`
--
ALTER TABLE `parking spot`
  MODIFY `sid` int(11) NOT NULL AUTO_INCREMENT, AUTO_INCREMENT=2979;

--
-- AUTO_INCREMENT for table `payment`
--
ALTER TABLE `payment`
  MODIFY `tid` int(11) NOT NULL AUTO_INCREMENT, AUTO_INCREMENT=96088720;

--
-- AUTO_INCREMENT for table `role`
--
ALTER TABLE `role`
  MODIFY `roleid` int(11) NOT NULL AUTO_INCREMENT, AUTO_INCREMENT=4;

--
-- AUTO_INCREMENT for table `route`
--
ALTER TABLE `route`
  MODIFY `spotno` int(11) NOT NULL AUTO_INCREMENT, AUTO_INCREMENT=1001;

--
-- AUTO_INCREMENT for table `user`
--
ALTER TABLE `user`
  MODIFY `userid` int(11) NOT NULL AUTO_INCREMENT, AUTO_INCREMENT=27;

--
-- Constraints for dumped tables
--

--
-- Constraints for table `account`
--
ALTER TABLE `account`
  ADD CONSTRAINT `account_ibfk_1` FOREIGN KEY (`userid`) REFERENCES `user` (`userid`);

--
-- Constraints for table `booking`
--
ALTER TABLE `booking`
  ADD CONSTRAINT `booking_ibfk_1` FOREIGN KEY (`userid`) REFERENCES `user` (`userid`),
  ADD CONSTRAINT `booking_ibfk_2` FOREIGN KEY (`pid`) REFERENCES `parking` (`pid`),
  ADD CONSTRAINT `booking_ibfk_3` FOREIGN KEY (`carid`) REFERENCES `car` (`carid`);

--
-- Constraints for table `car`
--
ALTER TABLE `car`
  ADD CONSTRAINT `car_ibfk_1` FOREIGN KEY (`userid`) REFERENCES `user` (`userid`);

--
-- Constraints for table `connect`
--
ALTER TABLE `connect`
  ADD CONSTRAINT `connect_ibfk_1` FOREIGN KEY (`userid`) REFERENCES `user` (`userid`),
  ADD CONSTRAINT `connect_ibfk_2` FOREIGN KEY (`roleid`) REFERENCES `role` (`roleid`);

--
-- Constraints for table `earning`
--
ALTER TABLE `earning`
  ADD CONSTRAINT `earning_ibfk_1` FOREIGN KEY (`userid`) REFERENCES `user` (`userid`),
  ADD CONSTRAINT `earning_ibfk_2` FOREIGN KEY (`tid`) REFERENCES `payment` (`tid`);

--
-- Constraints for table `parking`
--
ALTER TABLE `parking`
  ADD CONSTRAINT `parking_ibfk_1` FOREIGN KEY (`userid`) REFERENCES `user` (`userid`);

--
-- Constraints for table `parking spot`
--
ALTER TABLE `parking spot`
  ADD CONSTRAINT `parking spot_ibfk_1` FOREIGN KEY (`pid`) REFERENCES `parking` (`pid`);

--
-- Constraints for table `payment`
--
ALTER TABLE `payment`
  ADD CONSTRAINT `payment_ibfk_1` FOREIGN KEY (`bid`) REFERENCES `booking` (`bid`);
COMMIT;

/*!40101 SET CHARACTER_SET_CLIENT=@OLD_CHARACTER_SET_CLIENT */;
/*!40101 SET CHARACTER_SET_RESULTS=@OLD_CHARACTER_SET_RESULTS */;
/*!40101 SET COLLATION_CONNECTION=@OLD_COLLATION_CONNECTION */;
